# The art catalog: every drawing in the app's library, one row each.
#
#   key      the library key a Pack names a drawing by
#   family   where it is at home: any, harbour, mars, street, ice
#   rung     how tall it stands beside a grown-up resident at its depth
#            ("tall 3.3", in P, the art bible's §3), or for a long, low
#            thing how wide it lies ("wide 4.0")
#   zone     where it is sited, from the water to the hills (the bible's
#            §2): water, quay, lanes, green, edge; "-" sites it by its shape
#   flags    "field" for what stands in a garden or a field (never taller
#            than a grown-up); "-" for none
#
# Columns are separated by tabs. The world-gpui library paints each key
# (a test holds every row to a painter and every painter to a row), and
# systems/days sites each by its zone.
bandstand	any	tall 3.0	green	-
roofed-bandstand	any	tall 3.2	green	-
clock-tower	any	tall 5.0	-	-
telescope	any	tall 1.3	edge	-
market-cross	any	tall 2.6	green	-
sundial	any	tall 1.0	green	-
park-bench	any	tall 0.8	quay	-
picnic-table	any	tall 0.75	green	-
picnic-tables	any	wide 3.0	green	-
swing-set	any	tall 1.7	green	-
rowing-boat	any	tall 0.5	water	-
gazebo	any	tall 2.5	green	-
square-fountain	any	tall 1.15	green	-
wishing-fountain	any	tall 1.0	green	-
maypole	any	tall 3.5	green	-
windmill	any	tall 5.0	edge	-
beehives	any	tall 0.6	edge	field
bee-garden	any	tall 0.6	edge	field
greenhouse	any	tall 2.0	edge	-
treehouse	any	tall 4.0	edge	-
bleachers	any	tall 1.4	-	-
chess-tables	any	tall 0.75	green	-
library	any	tall 3.3	-	-
gym-hall	any	tall 3.3	-	-
science-shed	any	tall 2.2	-	-
sailboat	any	tall 3.0	water	-
fishing-dock	any	wide 4.0	water	-
rope-swing	any	tall 3.0	edge	-
flower-beds	any	tall 0.5	green	field
town-clock	any	tall 2.8	-	-
ice-cream-stand	any	tall 1.5	quay	-
boathouse	any	tall 2.8	water	-
apple-tree	any	tall 3.0	edge	-
vegetable-patch	any	tall 0.5	edge	field
sunflowers	any	tall 1.0	edge	field
herb-pots	any	tall 0.5	-	field
flower-boxes	any	tall 0.6	-	field
paper-lanterns	any	tall 2.2	green	-
lamp-post	any	tall 1.8	quay	-
market-stall	any	tall 1.3	quay	-
birdhouse	any	tall 1.6	-	-
signpost	any	tall 1.6	-	-
wall-fountain	any	tall 1.1	green	-
wellhead	any	tall 1.0	green	-
garden-swing	any	tall 1.7	-	-
scaffold	any	tall 2.75	-	-
lighthouse	harbour	tall 6.0	water	-
harbour-clock	harbour	tall 2.8	quay	-
sea-wall	harbour	wide 4.0	water	-
school-garden	harbour	tall 0.95	edge	field
fishers-statue	harbour	tall 1.9	quay	-
fisherman-statue	harbour	tall 2.0	quay	-
roofed-well	harbour	tall 1.4	green	-
pillar-box	harbour	tall 0.75	quay	-
lamp-box	harbour	tall 0.75	-	-
birdhouses	harbour	tall 1.6	-	-
fingerpost	harbour	tall 1.7	-	-
quay-planters	harbour	tall 0.5	quay	field
lifeboat-station	harbour	tall 3.0	water	-
village-hall	harbour	tall 3.3	-	-
bathing-huts	harbour	tall 1.8	-	-
orchard	harbour	tall 3.0	edge	-
smokehouse	harbour	tall 2.4	-	-
footbridge	harbour	wide 4.0	-	-
cliff-path	harbour	wide 3.0	edge	-
fish-market	harbour	tall 2.6	quay	-
bread-oven	harbour	tall 1.4	-	-
bell-tower	harbour	tall 5.0	edge	-
puppet-theatre	harbour	tall 2.2	green	-
glasshouse	harbour	tall 2.0	edge	-
rowing-club	harbour	tall 2.8	water	-
duck-pond	harbour	wide 3.0	edge	-
row-cottages	harbour	tall 2.75	-	-
hill-beacon	harbour	tall 2.5	edge	-
ferry-shelter	harbour	tall 2.0	quay	-
dovecote	harbour	tall 2.6	edge	-
seal-hide	harbour	tall 2.0	-	-
herb-garden	harbour	tall 0.6	edge	field
tide-board	harbour	tall 2.0	water	-
reading-room	harbour	tall 3.0	-	-
boat-yard	harbour	tall 2.4	water	-
harbour-mural	harbour	tall 1.2	-	-
lookout-tower	harbour	tall 4.5	edge	-
sea-pool	harbour	wide 3.0	water	-
net-loft	harbour	tall 3.3	-	-
book-nook	harbour	tall 1.6	-	-
tea-rooms	harbour	tall 3.0	-	-
bread-cart	harbour	tall 1.0	quay	-
pub-terrace	harbour	tall 1.6	-	-
workshop	harbour	tall 2.6	-	-
bin-gate	harbour	tall 1.2	quay	-
paddling-pool	harbour	wide 2.5	green	-
lantern-walk	harbour	tall 2.6	green	-
herring-shed	harbour	tall 2.2	-	-
windbreak	harbour	tall 1.2	quay	-
chapel	harbour	tall 4.0	edge	-
jetty-ladder	harbour	tall 1.2	water	-
driftwood-bench	harbour	tall 0.65	quay	-
oak-rope-swing	harbour	tall 3.5	edge	-
painted-stones	harbour	tall 0.3	-	-
notice-board	harbour	tall 1.4	-	-
herb-bed	harbour	tall 0.5	-	field
cairn	harbour	tall 1.0	edge	-
window-box-stand	harbour	tall 0.95	-	field
bait-shed	harbour	tall 2.0	quay	-
sandpit	harbour	wide 2.0	green	-
bird-table	harbour	tall 1.6	-	-
stepping-stones	harbour	wide 2.5	-	-
book-box	harbour	tall 1.2	-	-
flag-line	harbour	tall 2.2	quay	-
net-rack	harbour	tall 1.4	quay	-
wildflowers	harbour	tall 0.45	edge	field
wildflower-patch	harbour	tall 0.4	-	field
fire-pit	harbour	tall 0.7	-	-
hen-house	harbour	tall 0.95	edge	field
lookout-seat	harbour	tall 1.6	edge	-
jar-lanterns	harbour	tall 1.8	quay	-
shell-path	harbour	wide 3.0	-	-
boat-planter	harbour	tall 0.7	-	field
skittle-alley	harbour	wide 3.5	green	-
weathervane	harbour	tall 2.4	-	-
story-chair	harbour	tall 1.4	green	-
kites	harbour	tall 3.0	edge	-
pool-name-boards	harbour	tall 1.4	-	-
pebble-mosaic	harbour	wide 2.5	green	-
music-shed	harbour	tall 2.4	-	-
apple-press	harbour	tall 0.95	-	field
sail-loft	harbour	tall 3.3	-	-
crab-shack	harbour	tall 2.2	quay	-
net-store	harbour	tall 2.4	-	-
radio-hut	harbour	tall 2.6	-	-
slipway	harbour	wide 3.0	water	-
fishers-shelter	harbour	tall 2.0	quay	-
harbour-lamp	harbour	tall 2.0	quay	-
boat-rack	harbour	tall 1.6	quay	-
ice-house	harbour	tall 1.5	-	-
mooring-bench	harbour	tall 0.7	quay	-
bookshop	harbour	tall 3.0	-	-
cheese-shop	harbour	tall 3.0	-	-
surgery	harbour	tall 3.0	-	-
pottery	harbour	tall 3.0	-	-
gallery	harbour	tall 3.0	-	-
quilting-room	harbour	tall 3.0	-	-
flower-stall	harbour	tall 1.3	quay	-
sheepfold	harbour	tall 0.8	edge	field
allotments	harbour	tall 0.95	edge	field
weaving-shed	harbour	tall 2.4	-	-
study-hut	harbour	tall 2.2	-	-
story-stone	harbour	tall 1.2	-	-
joinery	harbour	tall 2.6	-	-
summer-house	harbour	tall 2.5	edge	-
rose-arbour	harbour	tall 2.2	edge	-
frog-pond	harbour	wide 2.5	edge	-
hilltop-swing	harbour	tall 3.0	edge	-
clock-tower-square	harbour	tall 5.0	green	-
new-pier	harbour	wide 5.0	water	-
point-lamp	harbour	tall 1.8	water	-
hab-module	mars	tall 2.6	-	-
supply-module	mars	tall 2.8	-	-
comms-mast	mars	tall 5.0	-	-
mars-dome	mars	tall 2.8	-	-
grow-dome	mars	tall 2.8	-	-
beacon-mast	mars	tall 4.0	-	-
dome-walkway	mars	wide 4.0	-	-
dust-sled	mars	tall 0.8	-	-
landing-pad	mars	wide 4.0	-	-
grow-tray	mars	tall 0.7	-	field
solar-lamp	mars	tall 1.8	quay	-
supply-tent	mars	tall 1.8	-	-
metal-bench	mars	tall 0.8	quay	-
condenser	mars	tall 1.4	-	-
low-g-swing	mars	tall 1.8	green	-
mist-fountain	mars	tall 1.15	green	-
trail-marker	mars	tall 1.2	quay	-
supply-cache	mars	tall 1.0	-	-
planter-racks	mars	tall 0.95	-	field
founders-statue	mars	tall 2.0	green	-
message-post	mars	tall 1.0	quay	-
cargo-depot	mars	tall 2.2	quay	-
cargo-crate	mars	tall 0.6	quay	-
sandbag-wall	mars	tall 0.6	-	-
water-still	mars	tall 1.6	-	-
mess-hall-dome	mars	tall 2.8	-	-
rover-shed	mars	tall 2.4	-	-
relay-hut	mars	tall 3.0	-	-
seed-vault	mars	tall 2.4	-	-
storm-shelter	mars	tall 2.0	-	-
solar-field	mars	wide 3.5	edge	-
greenhouse-annexe	mars	tall 2.2	-	-
track-beacons	mars	tall 0.8	-	-
clinic-bay	mars	tall 2.6	-	-
machine-shop	mars	tall 3.0	-	-
observatory-dome	mars	tall 3.0	edge	-
water-tank	mars	tall 2.8	-	-
dust-lock	mars	tall 2.4	-	-
school-pod	mars	tall 2.6	-	-
cable-pylons	mars	tall 3.0	-	-
rec-dome	mars	tall 3.0	-	-
radio-tower	mars	tall 6.0	edge	-
landing-stone	mars	tall 1.2	-	-
algae-farm	mars	tall 1.6	-	-
bunkhouse	mars	tall 2.8	-	-
rover-lift	mars	tall 2.4	-	-
windbreak-panels	mars	tall 1.4	-	-
trading-post	mars	tall 2.6	-	-
quiet-pod	mars	tall 2.2	-	-
library-module	mars	tall 2.6	-	-
mine-headframe	mars	tall 4.5	edge	-
flower-dome	mars	tall 2.6	-	-
welcome-arch	mars	tall 3.0	-	-
hydroponics-dome	mars	tall 2.8	-	-
infirmary-dome	mars	tall 2.8	-	-
mess-module	mars	tall 2.4	-	-
workshop-dome	mars	tall 2.6	-	-
music-pod	mars	tall 2.4	-	-
schoolroom-module	mars	tall 2.6	-	-
fern-planter	mars	tall 0.95	-	field
control-tower	mars	tall 4.5	-	-
rover-garage	mars	tall 2.4	-	-
radio-dish	mars	tall 2.6	edge	-
landing-lights	mars	tall 0.7	quay	-
windsock	mars	tall 2.2	-	-
fuel-tanks	mars	tall 2.2	-	-
dust-shelter	mars	tall 2.0	-	-
solar-array	mars	tall 1.6	edge	-
survey-station	mars	tall 2.6	edge	-
ice-drill	mars	tall 3.0	edge	-
telescope-pad	mars	tall 1.6	edge	-
crater-bench	mars	tall 0.8	quay	-
marker-cairn	mars	tall 1.0	edge	-
greenhouse-tent	mars	tall 2.0	-	-
weather-mast	mars	tall 3.5	edge	-
lichen-garden	mars	tall 0.5	edge	field
ridge-beacon	mars	tall 2.5	edge	-
second-habitat	mars	tall 2.6	-	-
survey-rig	mars	tall 2.4	edge	-
dwarf-apple	mars	tall 2.0	edge	-
algae-beds	mars	tall 0.5	-	field
red-moss	mars	tall 0.3	-	field
rest-canopy	mars	tall 1.8	-	-
fairy-lights-mars	mars	tall 1.8	-	-
crate-seat	mars	tall 0.65	-	-
rover-seat	mars	tall 1.0	-	-
row-house	street	tall 3.0	-	-
storefront	street	tall 3.0	-	-
water-tower	street	tall 6.0	edge	-
bandshell	street	tall 3.0	green	-
maple-tree	street	tall 4.0	-	-
streetlamp	street	tall 2.0	quay	-
steel-footbridge	street	wide 4.0	-	-
lake-dock	street	wide 4.0	water	-
flower-bed	street	tall 0.5	green	field
bus-shelter	street	tall 2.0	quay	-
water-pump	street	tall 1.15	green	-
playground-swing	street	tall 1.7	green	-
drinking-fountain	street	tall 1.0	green	-
street-sign	street	tall 2.0	-	-
bird-feeder	street	tall 1.6	-	-
window-boxes	street	tall 0.6	-	field
mayor-statue	street	tall 2.0	green	-
mailbox	street	tall 0.75	quay	-
hot-dog-stand	street	tall 1.5	quay	-
newspaper-bundle	street	tall 0.35	quay	-
parked-car	street	tall 0.85	quay	-
snack-bar	street	tall 2.4	quay	-
call-in-booth	street	tall 1.35	-	-
crosswalk	street	wide 3.5	-	-
mural-wall	street	tall 1.8	-	-
splash-pool	street	wide 3.0	green	-
roller-floor	street	wide 4.0	-	-
darkroom	street	tall 2.6	-	-
clubhouse	street	tall 2.8	-	-
tall-antenna	street	tall 5.0	edge	-
garden-plots	street	wide 4.0	edge	field
park-stage	street	tall 2.2	green	-
streetlights	street	tall 2.0	quay	-
video-store	street	tall 3.0	-	-
dance-floor	street	wide 4.0	green	-
record-library	street	tall 3.0	-	-
basketball-court	street	tall 2.0	-	-
pay-phone	street	tall 1.3	quay	-
drive-in-screen	street	tall 3.5	-	-
study-room	street	tall 3.0	-	-
median-beds	street	tall 0.5	green	field
soapbox-track	street	wide 4.0	-	-
neon-sign	street	tall 2.2	-	-
diner-board	street	tall 1.2	-	-
radio-van	street	tall 1.3	-	-
youth-centre	street	tall 3.0	-	-
winter-rink	street	wide 4.0	-	-
party-speakers	street	tall 1.0	-	-
computer-room	street	tall 3.0	-	-
walk-of-fame	street	wide 3.0	-	-
school-greenhouse	street	tall 2.0	-	-
bus-depot	street	tall 2.8	-	-
time-capsule	street	tall 1.0	-	-
dog-run	street	wide 3.5	-	-
rialto-marquee	street	tall 3.5	-	-
lake-path	street	wide 3.0	-	-
street-gazebo	street	tall 2.5	-	-
recording-studio	street	tall 3.0	-	-
market-stalls	street	tall 1.4	-	-
bank-clock	street	tall 2.4	-	-
skate-park	street	wide 4.0	-	-
memorial-bench	street	tall 0.8	-	-
arcade-upstairs	street	tall 3.6	-	-
welcome-sign	street	tall 1.6	-	-
transmitter	street	tall 6.0	-	-
record-store	street	tall 3.0	-	-
diner	street	tall 2.4	-	-
garage	street	tall 2.4	-	-
arcade	street	tall 3.0	-	-
barber-shop	street	tall 3.0	-	-
newsstand	street	tall 1.7	-	-
neon-lamp	street	tall 1.8	-	-
quilt-shop	street	tall 3.0	-	-
bike-rack	street	tall 0.6	-	-
school-bike-rack	street	tall 0.6	-	-
street-lamp-post	street	tall 2.0	-	-
flagpole-street	street	tall 3.5	-	-
streamers	street	tall 2.4	-	-
fairy-lights-street	street	tall 2.2	-	-
tomato-patch	street	tall 0.7	-	field
rose-bed	street	tall 0.6	-	field
second-street	street	tall 3.0	-	-
radio-beacon	street	tall 4.0	-	-
street-survey	street	tall 1.4	-	-
tape-shelf	street	tall 1.2	-	-
city-bus	street	tall 1.9	-	-
snow-nest	ice	tall 2.1	-	-
ice-store	ice	tall 2.7	-	-
ice-spire	ice	tall 4.0	-	-
snow-dome	ice	tall 2.7	-	-
kelp-frond	ice	tall 2.2	-	-
lantern-post	ice	tall 1.8	quay	-
ice-bridge	ice	wide 4.0	-	-
kayak	ice	tall 0.35	water	-
ice-ledge	ice	wide 3.5	water	-
kelp-garden	ice	tall 0.7	-	field
wind-shelter	ice	tall 1.4	-	-
ice-bench	ice	tall 0.65	quay	-
ice-well	ice	tall 1.0	-	-
kelp-swing	ice	tall 1.8	-	-
geyser	ice	tall 1.4	green	-
snow-marker	ice	tall 1.4	-	-
nesting-box	ice	tall 1.0	-	-
pebble-planters	ice	tall 0.5	-	field
ice-sculpture	ice	tall 1.8	green	-
message-stone	ice	tall 0.75	-	-
fish-stall	ice	tall 1.3	quay	-
fish-crate	ice	tall 0.6	quay	-
snow-wall	ice	tall 0.7	-	-
fishing-hole	ice	wide 3.0	-	-
vault-ice-house	ice	tall 2.2	-	-
creche	ice	tall 1.8	-	-
bridge-lanterns	ice	tall 1.6	-	-
berg-lookout	ice	tall 3.5	-	-
sea-slide	ice	tall 1.6	water	-
council-ring	ice	wide 3.0	-	-
kelp-beds	ice	tall 0.5	-	-
thaw-marker	ice	tall 1.4	-	-
second-vault	ice	tall 2.0	-	-
rope-bridge	ice	wide 4.0	-	-
song-stone	ice	tall 1.4	-	-
egg-warmer	ice	tall 0.7	-	-
ridge-steps	ice	tall 1.4	-	-
deep-ledge	ice	wide 3.0	-	-
story-circle	ice	wide 2.5	-	-
breathing-hole	ice	wide 3.0	-	-
aurora-seat	ice	tall 1.0	-	-
nest-row	ice	tall 0.6	-	-
kelp-racks	ice	tall 1.4	-	-
bridge-gate	ice	tall 2.4	-	-
seal-watch	ice	tall 3.0	-	-
snow-hall	ice	tall 2.6	-	-
run-markers	ice	tall 0.6	-	-
far-lantern	ice	tall 2.0	-	-
chick-slide	ice	tall 1.4	-	-
bone-arch	ice	tall 2.4	-	-
salt-pans	ice	wide 2.5	-	-
thaw-channel	ice	wide 3.0	-	-
swim-pool	ice	wide 3.0	-	-
pebble-market	ice	tall 1.4	-	-
night-beacon	ice	tall 3.0	-	-
elders-ramp	ice	wide 2.5	-	-
name-wall	ice	tall 1.4	-	-
shell-horn	ice	tall 1.6	-	-
floe-bridge	ice	wide 3.5	-	-
chick-nursery	ice	tall 1.6	-	-
song-circle	ice	wide 2.5	-	-
fish-larder	ice	tall 1.8	-	-
lantern-ring	ice	wide 2.5	-	-
story-berg	ice	tall 2.4	-	-
pebble-garden	ice	wide 2.0	-	field
snow-house	ice	tall 2.3	-	-
ice-slide	ice	tall 1.8	-	-
ice-market	ice	tall 2.2	-	-
carving-hall	ice	tall 2.4	-	-
lookout-post	ice	tall 2.6	-	-
skating-rink	ice	wide 3.5	-	-
bell-post	ice	tall 2.0	-	-
snow-arch	ice	tall 2.0	-	-
warming-hut	ice	tall 2.0	-	-
kayak-shelter	ice	tall 1.8	-	-
whale-watch	ice	tall 2.6	-	-
sail-sled	ice	tall 2.0	-	-
moss-patch	ice	wide 3.0	-	field
seal-fence	ice	tall 0.7	-	-
far-beacon	ice	tall 3.0	-	-
snow-maze	ice	wide 3.0	-	-
glow-stones	ice	tall 0.5	-	-
snow-flag	ice	tall 2.4	-	-
pennant-line	ice	tall 1.8	-	-
geyser-fountain	ice	tall 1.6	-	-
seaweed-bed	ice	wide 2.0	-	field
lichen-patch	ice	wide 3.0	-	-
fishing-hole-bench	ice	tall 0.65	-	-
second-nests	ice	tall 0.6	-	-
ice-beacon	ice	tall 3.0	-	-
ice-survey	ice	tall 1.6	-	-
sculpture-garden	ice	tall 1.6	-	-
