# Simplified Chinese for systems: English, a tab, then the translation. Generated with a model and checked by tests; edit freely.
{name} is {days} days away.	{name} 还有 {days} 天。
Better than last year!	比去年更好！
Not like last year.	和去年不一样。
Every bit as good as last year.	和去年一样好。
Just like last year.	和去年一样。
Thin again.	又是寒酸的一年。
Like last year.	和去年一样。
Good to see a new face.	很高兴见到新面孔。
Good to see new faces.	很高兴见到这些新面孔。
which festival?	是哪个节日？
Calendar	日历
it isn't time to get ready	还没到准备的时候
they're already getting ready	大家已经在准备了
it isn't the day	还不是那一天
it has been held today	今天已经举行过了
Midsummer Fair in 3 days	仲夏集市还有3天
Midsummer Fair today	仲夏集市就在今天
{} today	{}就在今天
{} tomorrow	{}就在明天
{} in {days} days	{}还有{days}天
Lantern Night in 3 days	灯笼之夜还有3天
Grey and wet.	又灰又湿。
You said to mend the roof {ago}.	你说过{ago}要修屋顶。
{x}'s gone, and I can't say I miss them.	{x}走了，老实说我并不想念他们。
{x} left.	{x}走了。
I miss them.	我很想念他们。
Ask them yourself.	你自己问他们吧。
Why would I know?	我怎么会知道？
Not my business.	不关我的事。
{x}?	{x}?
We're good, thanks for asking.	我们挺好的，谢谢关心。
{x}'s happy with {p}.	{x}和{p}在一起很开心。
{x} and {p} are having a hard time.	{x}和{p}最近不太顺。
{x}'s worried about money.	{x}在为钱发愁。
{x}'s worn out, poor thing.	{x}累坏了，真可怜。
{x} seems lonely lately.	{x}最近看起来很孤单。
{x}'s restless, looking for something to do.	{x}闲不住，想找点事做。
{x}'s doing well.	{x}过得不错。
One of the best, {x}.	{x}是最好的人之一。
{x}'s doing alright, I think.	我觉得{x}过得还行。
What do you want?	你想干什么？
Oh.	哦。
It's you.	是你啊。
Hello, love!	你好呀，亲爱的！
Oh, it's you!	哦，是你啊！
Hello.	你好。
What is it?	什么事？
Hm.	嗯。
Good day to you.	日安。
Ah.	啊。
Oh!	哦！
Hi.	嗨。
Um, hello.	呃，你好。
There you are!	你在这儿呢！
Hello!	你好！
Hey, good to see you!	嘿，见到你真好！
Hi!	嗨！
Can't stop long.	不能多待。
Hey.	嘿。
What's up?	怎么了？
Hello there.	你好啊。
Good to see you.	见到你真好。
Hello, friend!	你好啊，朋友！
Come and sit.	来坐吧。
Oh, hello.	哦，你好。
I was miles away.	我刚才在走神。
Lovely light today.	今天的光线真美。
Hi there.	你好呀。
last {}	上次的{}
the other day	前几天
last week	上周
a while back	前段时间
the flowers	那些花
the cake	那个蛋糕
the bread	那面包
the book	那本书
the fish	那条鱼
the wine	那瓶酒
the tea	那杯茶
the present	那份礼物
that drink	那杯酒
our walk	我们那次散步
that coffee	那杯咖啡
that cup of tea	那杯茶
our time together	我们在一起的时光
You got {b} and me talking {{ago}}.	你{{ago}}让{b}和我聊了起来。
We're better for it.	我们都因此受益。
You took my side against {b} {{ago}}.	{{ago}}你在我和{b}的争执里站在了我这边。
I won't forget it.	我不会忘记的。
You told me to go for it with {b} {{ago}}.	{{ago}}你让我勇敢地去追{b}。
I'm glad I did.	我很高兴我这么做了。
Those lessons with {b} you set up {{ago}}?	{{ago}}你安排的那些跟{b}学习的课？
I'm getting the hang of it.	我渐渐上手了。
You helped me out {ago} when I was short.	{ago}我手头紧的时候你帮了我。
I'm back on my feet.	我又缓过来了。
You took me out {ago} when I was low.	{ago}我情绪低落时你带我出去散心。
It meant a lot.	那对我意义重大。
That day off you gave me {ago}.	{ago}你给我放的那天假。
I needed it.	我正需要呢。
You told me to push on {ago}.	{ago}你让我坚持下去。
I'm still tired.	我还是很累。
That party {ago}!	{ago}的那场派对！
My feet still ache.	我的脚现在还疼。
You asked me to stay {ago}.	{ago}你让我留下来。
You helped {b} and me talk {{ago}}.	{{ago}}你帮{b}和我把话说开了。
We're all right now.	我们现在没事了。
You kept what I told you {ago} to yourself.	{ago}我跟你说的话你一直保密。
Thank you.	谢谢你。
I've been thinking about what you said {ago}.	我一直在想{ago}你说的话。
Maybe I will share it.	也许我会说出来。
Do you still have {}?	你还留着{}吗？
You said sorry {ago}.	{ago}你道了歉。
That took something.	那需要勇气。
The {thing} you built by {place} {{ago}}.	{{ago}}你在{place}边建的那个{thing}。
I use it most days.	我几乎每天都用。
The {thing} you put up at {place} {{ago}} cheered everyone.	{{ago}}你在{place}摆的{thing}让大家都很开心。
What you planted by {place} {{ago}} is coming along.	{{ago}}你在{place}边种下的东西长得不错。
Thank you again for the present {ago}.	再次谢谢你{ago}送的礼物。
I enjoyed our evening out {ago}.	我很喜欢{ago}我们一起出去的那个晚上。
I haven't forgotten what you said {ago}.	我没忘记{ago}你说的话。
Thank you again for {} {ago}.	再次谢谢你{ago}的{}。
What you said {ago} helped.	{ago}你说的话帮了我。
I enjoyed {} {ago}.	我很喜欢{ago}的{}。
I did talk to {x}, like you said.	我照你说的，跟{x}谈过了。
I tried with {x}, like you said {ago}.	我照{ago}你说的，试着跟{x}谈了。
It's slow going.	进展有点慢。
You asked after {x} {ago}.	{ago}你问起过{x}。
What you said {ago} was kind.	{ago}你说的话很暖心。
It stayed with me.	我一直记在心里。
Hurt by what you said	被你的话伤到了
Thinks the world of you	把你看得很重要
Likes you	喜欢你
Getting to know you	正在了解你
Wary of you	对你有些戒备
Doesn't trust you	不信任你
We made it up {when}.	我们{when}和好了。
We fell out {when}.	我们{when}闹翻了。
We've grown close lately.	我们最近走得近了。
We've drifted, though.	不过我们疏远了。
Angry?	生气？
Not any more.	已经不生气了。
{x} and I made it up {ago}.	{ago}我和{x}和好了。
Angry at {x}?	生{x}的气？
No, we're fine.	不，我们没事。
Me and {x}?	我和{x}?
There's nothing wrong there.	我们之间没什么问题。
We fell out {ago}.	{ago}我们闹翻了。
{x} and I fell out {ago}.	{ago}我和{x}闹翻了。
I'd rather not go over it.	我不太想再提这事。
We just drifted, {x} and I.	我和{x}只是渐渐疏远了。
It happens.	这种事常有。
{x} knows what they did.	{x}心里清楚自己做了什么。
It's between me and {x}.	这是我和{x}之间的事。
Ask {x}.	去问{x}吧。
I've said all I'm going to.	我该说的都说了。
{}'s my closest.	{}是我最亲近的人。
{} and I don't get on.	我和{}处不来。
{b}, without a doubt.	毫无疑问是{b}。
I'd trust {b} with anything.	什么事我都信得过{b}。
Not many, if I'm honest.	老实说，没几个。
And {} I could do without.	而{}，没有也罢。
I get on with most people.	我跟大多数人都处得来。
Nobody close, though.	不过没什么亲近的人。
a talker	话多
careful with money	精打细算
a dreamer	爱幻想
{}, people say.	大家都说{}。
{} and {second}, people say.	大家都说{}又{second}。
There's {p}.	有{p}在。
That's family enough for me.	这对我来说就是家人了。
{p} and me.	{p}和我。
I wouldn't change it.	我不会想改变这一点。
There's {}.	有{}。
We're having a hard time.	我们最近不太顺。
No one of my own.	我没有自己的家人。
{s} is family enough.	{s}就是我的家人。
Just me.	只有我自己。
Everyone in {s} looks out for each other, though.	不过{s}里大家都互相照应。
You, a bit, after what you said.	你说了那些话之后，有点是因为你。
Money.	钱。
There's never enough of it.	总是不够用。
I'm just so tired.	我实在是太累了。
I can't seem to catch up.	我好像怎么也赶不上。
Being on my own so much.	一个人待太久了。
The evenings are long.	夜晚太漫长了。
Having nothing to do with myself.	不知道该拿自己怎么办。
It gnaws at me.	这事一直困扰着我。
Only {}.	只有{}。
The rest I can manage.	其他的我还应付得来。
Not much, honestly.	老实说，没什么大事。
I'm alright.	我挺好的。
Not bad.	还不错。
Oh, you know.	哦，你懂的。
Busy enough.	挺忙的。
The usual.	老样子。
Quiet.	挺安静的。
Nothing much to tell, this {}.	这个{}，没什么好说的。
{sky} I like it, though.	{sky}不过我挺喜欢的。
{sky} As if it could be anything else here.	{sky}这里向来如此。
I might go, if it's not too crowded.	如果不是太挤，我可能会去。
I wouldn't miss it!	我可不会错过！
I suppose I'll show my face.	我想我会去露个面。
I'll be there.	我会去的。
Nothing for a while.	好一阵子没什么事了。
Just the usual.	老样子。
I'll take it.	我要了。
It doesn't change anything.	这改变不了什么。
For me?	给我的？
You shouldn't have.	你太客气了。
But I'm glad you did.	不过我很高兴你这么做了。
What's this for? ...Thank you.	这是干什么呀？……谢谢你。
You spent money on me?	你花钱给我买东西？
You shouldn't have!	你太客气了！
Oh, that's lovely.	哦，真好看。
With who?	跟谁一起？
Alright.	好吧。
Yes, I'd like that.	好啊，我很乐意。
Yes!	好！
Anything to get out.	只要能出去，做什么都行。
Go on, then.	那就走吧。
If you're buying.	你请客的话。
Fine.	行。
Just the one.	就一个。
I'd love that.	我很乐意。
Why not?	为什么不呢？
Another time.	下次吧。
I'm dead on my feet.	我累得站不住了。
I'd rather not.	我还是不了。
Mm.	嗯。
Anyway!	不管怎样！
Where was I?	我说到哪儿了？
So there we are.	就是这样。
Mm-hm.	嗯哼。
Right.	好的。
You?	你呢？
You're one of us now.	你现在是我们中的一员了。
I like you.	我喜欢你。
You've done right by us.	你没亏待我们。
You're alright.	你人不错。
I'm still getting to know you.	我还在了解你。
Not after what you said.	你说了那些话之后，不行。
Honestly?	说实话？
You've let me down.	你让我失望了。
I don't trust you.	我不信任你。
Who do you mean?	你说的是谁？
{}?	{}?
I don't really know them yet.	我还不太了解他们。
And {coming}!	还有{coming}!
Nothing much.	没什么大事。
It's been a quiet {} or two in {}.{coming}	在{}，已经平静了一两个{}。{coming}
Have you heard?	你听说了吗？
News?	有什么新闻吗？
Well.	这个嘛。
You won't believe it.	你肯定不敢相信。
Same as ever.	老样子。
Words are cheap.	说得好听。
That's kind of you.	你真好。
I know.	我知道。
But thank you.	但还是谢谢你。
Flattery won't get you far.	拍马屁可没用。
But thanks.	不过谢谢。
Oh, you're a sweetheart.	哦，你真贴心。
Do you think so?	你真这么想？
That's lovely.	真好。
Thank you!	谢谢你！
That's nice to hear.	听你这么说真高兴。
Don't make a habit of it.	别养成习惯啊。
Any time, you know that.	你知道的，随时都行。
Any time.	随时都行。
Don't mention it.	不客气。
It's nothing.	这没什么。
It's the money, mostly.	主要是钱的问题。
It'll come right.	会好起来的。
Thanks.	谢谢。
I just need a proper night's sleep.	我只是需要好好睡一觉。
That means a lot.	这对我意义重大。
It helps, having someone to talk to.	有人能说说话真的很有帮助。
I'll find something to do with myself.	我会找点事做的。
I'm alright, really.	我真的没事。
Apology accepted.	我接受你的道歉。
Let's forget it.	我们就别提了。
What for?	为什么？
You've done nothing wrong.	你没做错什么。
Leave me alone.	别烦我。
Charming.	真有你的。
Same to you.	彼此彼此。
I won't dignify that.	这话我不屑回应。
That's unkind.	这话太刻薄了。
I thought better of you.	我还以为你不是这样的人。
There's no need for that.	没必要这样。
{x} and I are fine, honestly.	说真的，我和{x}没事。
Mind your own business.	管好你自己的事吧。
I said I'd talk to {x}.	我说过我会找{x}谈谈。
Give it time.	给点时间吧。
Maybe you're right.	也许你是对的。
I'll talk to {x}.	我会找{x}谈谈的。
Make up with who?	跟谁和好？
Bye.	再见。
See you.	回头见。
Take care.	保重。
Bye now.	那就再见啦。
{} Ask me how I am, about my day, or about someone here.	{}问问我最近怎样、今天过得如何，或者问问这里的某个人。
Sorry, I didn't follow.	抱歉，我没听懂。
Hm?	嗯？
Say that another way?	换个说法？
I'm not sure what you mean.	我不太明白你的意思。
say it to whom?	跟谁说？
about whom?	关于谁？
You talked with {}	你和{}谈过了
Build	建造
Decorate	装饰
Plant	种植
Move	移动
Give	赠送
Invite	邀请
Bench	长椅
the harbour fund	港口基金
That's enough for today	今天就到这吧
There isn't {cost} in {}	{}里没有{cost}
There's no more room	没有更多空间了
You built a {} by {at_name}	你在{at_name}旁建了一个{}
You put up {} at {at_name}	你在{at_name}摆上了{}
You planted {} by {at_name}	你在{at_name}旁种下了{}
move what?	移动什么？
only what you made can be moved	只有你建造的东西才能移动
You moved the {} to {at_name}	你把{}移到了{at_name}
You gave {at_name} a present	你送给了{at_name}一份礼物
You invited {at_name} to {}	你邀请{at_name}参加{}
Hands	双手
the ground	地面
The {} by {at} became {}	{at}旁的{}变成了{}
Take back the bench	收回长椅
Take back the {}	收回{}
You took the {thing_name} down again	你把{thing_name}又拆了下来
You put the {thing_name} back where it was	你把{thing_name}放回了原处
a basket of what the garden grew	一篮花园里长出的东西
a jar of honey from the flowers	一罐用花酿的蜂蜜
a bunch of fresh herbs	一把新鲜香草
the first fruit of the season	这一季的第一批果实
who used what?	谁用了什么？
Someone	有人
a friend	一位朋友
{first} rested on the {what} by {place}	{first}在{place}旁的{what}上歇了会儿
Just what my legs needed.	我的腿正需要这个。
Best seat in the place, this.	这可是这儿最好的座位。
I could sit here all day.	我能在这儿坐一整天。
{first} and {other} talked under the {what} till late	{first}和{other}在{what}下聊到很晚
{first} sat a while by the {what} after dark	天黑后{first}在{what}旁坐了一会儿
It's nice here of an evening.	傍晚时分这里很舒服。
We lost track of time.	我们聊得忘了时间。
The light makes you want to stay.	这光线让人想多待一会儿。
{first} brought you {gift} from the {what} you planted	{first}从你种的{what}里给你带来了{gift}
From your {what}.	来自你的{what}。
Seemed only fair.	这样才公平嘛。
You built a bench by the quay	你在码头边建了一张长椅
{name} had a drink with {other} at {place}	{name}在{place}和{other}喝了一杯
the ferry	渡轮
the supply shuttle	补给穿梭船
the mooring fees	系泊费
walk out to the	走到
already living here	已经住在这里了
Lives	居住
{} sends their love.	{}向你问好。
Home to {} now.	现在回{}的家了。
Still not speaking to {}.	还没跟{}说话呢。
Kept well clear of {}.	一直躲着{}。
{} is a gem.	{}真是个好人。
Seeing {} later.	稍后要见{}。
I could sleep for a week.	我能睡上一整周。
Things are tight, mind.	不过手头有点紧。
Quiet without anyone to talk to.	没人说话，挺安静的。
, and they had words	，他们吵了一架
{other_name} and I had words over {topic}.	我和{other_name}因为{topic}吵了一架。
Don't mention {topic} to {other_name}.	别跟{other_name}提{topic}。
Just don't.	别提就是了。
{other_name} and I fell out over {topic}.	我和{other_name}因为{topic}闹翻了。
It'll blow over.	过一阵就好了。
Me and {other_name}, shouting about {topic}.	我和{other_name}，为了{topic}吵得不可开交。
Silly.	真傻。
nothing has changed	什么都没变
{an} and {bn} made it up, and more	{an}和{bn}和好了，而且不止如此
{bn} and I are thick as thieves now.	我和{bn}现在形影不离了。
Who'd have thought?	谁能想到呢？
Funny how things turn out.	世事真是难说。
{bn}'s my best friend now.	{bn}现在是我最好的朋友了。
Me and {bn}?	我和{bn}?
Old news.	都是老话了。
We're friends.	我们是朋友。
{an} and {bn} became firm friends	{an}和{bn}成了好朋友
{bn}'s a proper friend.	{bn}是个真心朋友。
Friends for life.	一辈子的朋友。
{bn} gets me.	{bn}懂我。
Rare, that.	这可不多见。
Glad I've got {bn}.	很庆幸有{bn}。
{an} and {bn} fell out	{an}和{bn}闹翻了
I'm done with {bn}.	我跟{bn}完了。
Don't talk to me about {bn}.	别跟我提{bn}。
{bn} knows what they did.	{bn}心里清楚自己做了什么。
{bn} and I are finished.	我和{bn}结束了。
{an} and {bn} made it up	{an}和{bn}和好了
{bn} and I are all right again.	我和{bn}又没事了。
Made it up with {bn}.	和{bn}和好了。
Life's too short.	人生苦短。
{bn} said sorry.	{bn}道歉了。
So did I.	我也道歉了。
{an} and {bn} drifted apart	{an}和{bn}渐渐疏远了
I hardly see {bn} these days.	这些天我很少见到{bn}。
{bn} and I used to be close.	我和{bn}以前很亲近。
Must look {bn} up sometime.	改天该去找{bn}聊聊。
nothing worth telling	没什么好说的
nothing much	没什么大事
take a walk	去散散步
A stranger	一个陌生人
far away	很远的地方
a note under the door	门缝下塞的一张纸条
a sketch of the {gathering}	一幅{gathering}的素描
a jar of something homemade	一罐自制的东西
a photograph from while you were gone	你不在时拍的一张照片
a pressed flower in an envelope	信封里的一朵压花
a postcard with a few lines on it	一张写了几行字的明信片
Oh well.	唉，算了。
Never mind.	没关系。
It'll come round.	总会有机会的。
I looked for you, that's all.	我就是找过你而已。
Maybe next time.	也许下次吧。
It was only a small thing.	只是件小事。
Went on my own.	我自己去了。
It was fine.	还不错。
You were busy.	你当时在忙。
I understand.	我理解。
Some other day, then.	那就改天吧。
a hand-drawn map of the {settlement}	一张手绘的{settlement}地图
a smooth stone from by the {gathering}	一块从{gathering}旁捡的光滑石头
a little welcome card, signed by everyone	一张大家签名的欢迎卡片
a paper star to hang up	一颗可以挂起来的纸星星
Hello, you're new!	你好啊，你是新来的吧！
I'm {name}.	我是{name}。
Build us something, if you like.	如果你愿意，给我们建点什么吧。
Oh, a new face!	哦，一张新面孔！
Welcome to the {settlement}.	欢迎来到{settlement}。
Welcome to the {settlement}!	欢迎来到{settlement}!
Make yourself at home.	就当自己家一样。
{b} and I aren't speaking.	我和{b}现在不说话了。
It started over {topic}.	起因是{topic}。
I can't be in a room with {b}.	我没法和{b}待在同一个房间里。
Not after {topic}.	出了{topic}那事之后不行。
About {topic}: {b} has it all wrong.	关于{topic}:{b}完全搞错了。
{a} and {b} fell out over {topic}	{a}和{b}因为{topic}闹翻了
Make peace	劝和
Back {a}	支持{a}
Stay out	不插手
Don't laugh.	别笑。
I think I'm sweet on {b}.	我觉得我喜欢上{b}了。
Would it be mad to ask {b} to {outing}?	约{b}去{outing}会不会很傻？
I keep finding reasons to be wherever {b} is.	我总是找借口出现在{b}身边。
{a} confided they were sweet on {b}	{a}悄悄说自己喜欢上了{b}
Go for it	大胆去追
Wait a bit	再等等
I'd love to learn what {b} does.	我很想学学{b}做的事。
Would you ask them?	你能帮我问问吗？
{b} makes it look easy.	{b}做起来轻松自如。
Could I learn from them?	我能跟他们学吗？
I feel stuck.	我感觉停滞不前。
{b} could teach me a thing or two.	{b}能教我几手。
{a} wanted to learn from {b}	{a}想跟{b}学点东西
Arrange lessons	安排课程
Not now	暂不
I'm short of {short_of} this {unit}.	这个{unit}我的{short_of}不够。
I hate asking.	我不太想开口。
Could I be tided over?	能不能先接济我一下？
Just this once.	就这一次。
My {short_of} ran out before the {unit} did.	这个{unit}还没过完，我的{short_of}就用光了。
{a} was short of {short_of}	{a}缺{short_of}
Use the fund	动用基金
Ask {friend}	去问{friend}
They'll manage	他们会想办法的
Haven't really talked to anyone in days.	好几天没怎么跟人说过话了。
Evenings are long on my own.	一个人的夜晚很漫长。
Would anyone notice if I wasn't here?	如果我不在了，会有人注意到吗？
{a} was lonely	{a}很孤单
Take them out	带他们出去走走
Give them space	给他们一些空间
I'm running on nothing.	我已经撑不住了。
I can't remember my last day off.	我都不记得上次休息是什么时候了。
If I sit down I'll fall asleep.	我一坐下就会睡着。
{a} was worn out	{a}累坏了
A day off	放一天假
Push on	继续坚持
{b} and I want to celebrate.	我和{b}想庆祝一下。
Everyone's invited?	大家都能来吗？
We'd like a do.	我们想办个聚会。
{b} insists on dancing.	{b}非要跳舞不可。
{a} and {b} wanted to celebrate	{a}和{b}想庆祝一下
Throw a party	办个派对
Keep it small	小范围庆祝就好
{b}, a {trade} from {origin}, wants a room.	一位来自{origin}的{trade}{b}想要一个房间。
A {trade} called {b} came in on {way_out}.	一位叫{b}的{trade}乘{way_out}来了。
{b}, a {trade} from {origin}, asked to stay	来自{origin}的{trade}{b}提出想留下来
Not this time	这次不行
Offer a room	提供一个房间
I've been thinking of leaving.	我一直在考虑离开。
There's nothing keeping me here, is there?	也没什么能留住我了，是吧？
I've been looking at the timetable for {way_out}.	我一直在看{way_out}的时刻表。
{a} was thinking of leaving	{a}一直在考虑离开
Please stay	请留下来
Wish them well	祝他们一切顺利
{b} and I keep quarrelling.	我和{b}总是吵架。
Things aren't right with {b}.	我和{b}之间不太对劲。
{a} and {b} hit a rough patch	{a}和{b}遇上了一段低谷
Help them talk	帮他们把话说开
Time apart	让他们分开一段时间
It's good to see you.	见到你真好。
{a} shared a quiet moment with you	{a}和你共度了一段安静的时光
Stay a while	多待一会儿
Wave and go on	挥挥手就走
Come with me somewhere?	跟我一起去个地方吧？
{a} asked you along	{a}邀你一起去
Go along	一起去
Another time	下次吧
Can I tell you something?	我能跟你说件事吗？
I nearly didn't come to the {settlement} at all.	我差点就没来{settlement}。
I've never said this to anyone here.	这里我谁都没说过这件事。
I write poems at night.	我晚上会写诗。
Bad ones.	写得很烂。
Promise you won't laugh.	答应我别笑。
I'm scared I'm no good at what I do.	我担心自己做的事不够好。
I still keep a letter from someone I left behind.	我还留着一封故人的信。
I read it most {unit}s.	大多数{unit}我都会读一读。
{a} told you something they'd never told anyone	{a}告诉了你一件从未对任何人说过的事
Keep it between you	就我们知道
Tell them to share it	让他们说出去
You've been good to me.	你一直待我很好。
Let me do something for you, for once.	让我也为你做点什么吧，就这一次。
I owe you.	我欠你的。
Name it.	你说吧。
Anything you need, you only have to ask.	你需要什么，尽管开口。
I mean it.	我是认真的。
{a} offered you a favour	{a}主动提出要帮你个忙
Put in a word with {friend}	在{friend}面前替你美言几句
Help someone who's struggling	帮帮正在困难中的人
Nothing, really	真的没什么
I want you to have this: {keepsake}.	我想把这个给你：{keepsake}。
You'll know why.	你会明白为什么的。
Here.	给。
{keepsake}.	{keepsake}。
Don't argue, just keep it.	别争了，收下就是。
{a} gave you {keepsake}	{a}送给你{keepsake}
Keep it safe	好好收着
Put it where all can see	摆在大家都能看到的地方
I've nothing to say to you.	我没什么好跟你说的。
Don't think I've forgotten.	别以为我忘了。
{a} gave you the cold shoulder	{a}对你爱理不理
Say you're sorry	道个歉
Leave them be	由他们去吧
{a} and {b} talked it through	{a}和{b}把话说开了
We talked, {b} and me.	我和{b}谈过了。
It's better.	好多了。
You took {a}'s side against {b}	你在{a}和{b}之间站在了{a}这边
Someone sees it.	有人看在眼里。
{a} and {b} were left to sort it out	{a}和{b}只能自己去解决
I'll manage {b} myself.	{b}的事我自己应付。
{a} and {b} stopped speaking	{a}和{b}不再说话了
Not a word from {b} since.	{b}从那以后一句话都没说。
{a} and {b} started walking out together	{a}和{b}开始交往了
{b} said yes!	{b}答应了！
{b} turned {a} down, kindly	{b}婉拒了{a}
{b} said no.	{b}拒绝了。
Kindly, but no.	拒绝得很委婉，但还是拒绝了。
{a} kept it to themselves	{a}把这事藏在了心里
Maybe.	也许吧。
I'll wait.	我会等的。
For now.	暂时先这样。
Best not rush it.	还是别急的好。
Not yet, then.	那就再等等。
{b} began teaching {a}	{b}开始教{a}
{b}'s a patient teacher.	{b}教得很有耐心。
{a} was told not now	{a}被告知现在还不是时候
Another time, then.	那就改天吧。
Maybe next month.	也许下个月吧。
I'll ask again.	我会再问一次的。
Later.	以后再说。
Fair enough.	也好。
The {settlement} tided {a} over	{settlement}帮{a}渡过了难关
I'll pay it back, every bit.	我会一分不少地还上。
no friend to ask	没有朋友可以求助
{friend} helped {a} out	{friend}帮了{a}一把
{friend} came through for me.	{friend}在关键时候帮了我。
{a} scraped by	{a}勉强撑了过去
I'll manage.	我能应付。
I'll find a way.	我会想办法的。
Tighten the belt, then.	那就勒紧裤腰带吧。
Somehow.	总会有办法的。
{} spent an evening at {} with {met_name}	{}和{met_name}在{}度过了一个晚上
{met_name} and I got talking.	我和{met_name}聊了起来。
Lovely evening.	很愉快的一晚。
{a} spent an evening at {gathering}	{a}在{gathering}度过了一个晚上
That did me good.	这让我感觉好多了。
{a} kept to themselves	{a}独自待着
Maybe tomorrow.	也许明天吧。
I'm fine on my own.	我一个人挺好的。
Mostly.	大多时候是这样。
Quiet suits me.	安静挺适合我的。
Another evening, perhaps.	或许改天晚上吧。
{a} took a day off	{a}休息了一天
Slept till noon.	睡到了中午。
Bliss.	真是享受。
A whole day off.	整整一天的假。
I'd forgotten what that was.	我都忘了那是什么滋味了。
Rested.	休息够了。
Human again.	又活过来了。
{a} pushed on	{a}咬牙坚持了下去
One more push, then.	那就再撑一把。
Back to it.	继续干活。
I'll keep going.	我会继续下去的。
{a} took the day anyway	{a}还是把这天休了
I needed that.	我需要休息一下。
Sorry.	抱歉。
Had to stop.	不得不停下来。
Couldn't go on.	撑不下去了。
Took the day.	休了一天。
Don't be cross.	别生气。
The whole {settlement} came to {a} and {b}'s party at {gathering}	整个{settlement}都来参加了{a}和{b}在{gathering}的派对
Best night in years!	多年来最棒的一晚！
{a} and {b} kept it small	{a}和{b}只办了个小聚会
Just us two.	就我们两个。
Perfect.	正好。
{b}, a {trade} from {origin}, stayed on, and nobody minded	来自{origin}的{trade}{b}留了下来，没人介意
Looks like {b}'s staying.	看来{b}是要留下了。
Fine by me.	我没意见。
{b}, a {trade} from {origin}, came to stay	来自{origin}的{trade}{b}来定居了
Plenty of room here.	这里地方多的是。
Welcome, {b}.	欢迎你，{b}。
{b} moved on with {way_out}	{b}搭乘{way_out}离开了
Maybe another time.	也许改天吧。
{a} was asked to stay, and did	{a}被挽留了下来，也留下了
All right.	好吧。
I'll stay.	我会留下的。
{a} left the {settlement}	{a}离开了{settlement}
I'll write.	我会写信的。
I promise.	我保证。
{a} and {b} talked it out	{a}和{b}把话说清楚了
We're all right, {b} and me.	我和{b}没事了。
{a} and {b} went their separate ways	{a}和{b}分道扬镳了
It's for the best.	这样最好。
I think.	我想是吧。
That was nice.	那真好。
{a} waved you on your way	{a}向你挥手道别
See you, then.	那就再见了。
{a} looked for you	{a}找过你
{a} took you somewhere of theirs	{a}带你去了一个属于他们的地方
I'm glad you came.	很高兴你来了。
{a} asked you along, another time	{a}改天再约你一起去
{a} went on their own	{a}自己一个人去了
That's a weight off.	心里的一块石头落地了。
{a} told you a secret, and you told them to share it	{a}告诉了你一个秘密，你让他们说出去
Maybe I will.	也许我会的。
{a} almost told you something	{a}差点跟你说了些什么
It was nothing.	没什么事。
{a} put in a good word for you with {friend}	{a}在{friend}面前替你说了好话
I told {friend} what you're like.	我跟{friend}说了你是什么样的人。
They'll see.	他们会明白的。
{a} helped {helped} out, as a favour to you	{a}看在你的面子上帮了{helped}
Consider it done.	就当办成了。
{a} offered you a favour, and you asked for nothing	{a}主动提出要帮你，你却什么都没要
Then I owe you twice.	那我可欠你两次了。
{a}'s offer went unanswered	{a}的好意没有得到回应
It suits you, having it.	你留着挺合适的。
{a} gave you {keepsake}, and you put it where all can see	{a}送了你{keepsake}，你把它摆在了大家都能看到的地方
Everyone's asking about it!	大家都在问这个呢！
{a} meant to give you something	{a}本想送你点东西
I'll find another moment.	我会再找机会的。
You made your peace with {a}	你和{a}和解了
...Fine.	……好吧。
{a} kept their distance from you	{a}和你保持着距离
Suits me.	我无所谓。
A {thing}!	一个{thing}!
Just what {place} needed.	{place}正需要这个呢。
You built that?	这是你造的？
Well, look at it.	瞧瞧这个。
A {thing} by {place}.	{place}旁的一个{thing}。
I'll be using that.	我会用上的。
{thing} up at {place}!	{place}那边有个{thing}!
Cheers the place right up.	让这地方一下子亮堂起来了。
Oh, that's pretty.	哦，真好看。
Was that you?	是你弄的？
You planted that?	这是你种的？
I'll keep an eye on it.	我会留意它的。
Something growing by {place}.	{place}旁边长出了点东西。
About time.	是时候了。
Better there, I think.	我觉得放那儿更好。
Oh, you've moved it.	哦，你把它移了地方。
It suits there.	放那儿挺合适。
{} shared a quiet moment with you	{}和你安静地待了一会儿
{} came over to say hello	{}过来打了个招呼
For your first day in the {}.	给你在{}的第一天。
Welcome.	欢迎。
Missed you round here.	这一带都想你了。
I kept this for you while you were away.	你不在的时候，我替你留着这个。
{why}	{why}
{} gave you {what} to welcome you	{}送了{what}欢迎你
{} left you {what}	{}给你留了{what}
first deed	首次善举
Given for your first work here	因你在此地的第一份工作而赠
Left for you while you were away	在你离开时留下
From {}, once you are close	来自{}，在你们熟络之后
Things with {p} aren't good.	和{p}之间不太好。
Not great.	不太好。
{p} and I keep getting it wrong.	我和{p}总是处不好。
Could be better.	本可以更好的。
It's {p}, mostly.	大多是因为{p}。
Happy.	很幸福。
{p} and I are good.	我和{p}挺好的。
Really well.	真的很好。
{p} makes it easy.	有{p}在，一切都轻松。
Good, thanks.	挺好的，谢谢。
Home with {p} is a nice thing.	和{p}一起的家很温馨。
Fine, as long as {f} keeps out of my way.	挺好的，只要{f}别来烦我。
I'd be better if {f} left me be.	要是{f}别管我，我会更好。
I'm managing.	我还应付得来。
Avoiding {f}, mostly.	大多时候都在躲着{f}。
Worried.	担心。
Things are tight.	手头挺紧的。
Counting every coin, if I'm honest.	说实话，一分钱都得算计着花。
Money's tight.	钱不够用。
It keeps me up.	这事让我睡不着。
Exhausted.	累坏了。
Worn out.	精疲力尽。
I could sleep a week.	我能睡上一整周。
Tired to the bone.	累到骨子里了。
A bit lonely, if I'm honest.	说实话，有点孤单。
Too quiet, some days.	有些日子太安静了。
I could do with some company.	有人陪陪就好了。
Restless.	心神不宁。
I need something to get my teeth into.	我需要点能全心投入的事。
Bored stiff.	无聊死了。
I need something to do.	我需要点事做。
The days are long.	日子过得真慢。
Good.	挺好。
{f} keeps me going.	有{f}在，我才撑得下去。
Not bad at all.	一点也不差。
{f}'s been good company.	{f}一直是很好的陪伴。
Well, thanks.	挺好的，谢谢。
Can't complain with {f} around.	有{f}在，没什么好抱怨的。
Getting by.	将就过着。
Getting on with things.	就这么过下去。
{other_name}?	{other_name}?
I'd be lost without them.	没有他们我可怎么办。
{other_name}'s one of the best.	{other_name}是最好的人之一。
I like {other_name}.	我喜欢{other_name}。
We get on.	我们处得来。
{other_name} and I don't see eye to eye.	我和{other_name}合不来。
Don't talk to me about {other_name}.	别跟我提{other_name}。
Aye.	是啊。
Honestly.	说实话。
Mind.	小心点。
, love.	，亲爱的。
I saved you the good seat.	我给你留了个好位置。
Sit a minute?	坐一会儿？
There.	好了。
Isn't this nice?	这样不是挺好吗？
The seat's yours.	这位置是你的了。
I worry I care too much about everyone here.	我担心自己太在乎这里的每个人了。
Is that silly?	这样是不是很傻？
I needed to hear that.	我需要听到这句话。
You're right.	你说得对。
I'll try to mind myself too.	我也会试着照顾好自己。
Come and eat with us tonight.	今晚来和我们一起吃饭吧。
Nothing fancy, just warm.	没什么讲究的，就图个热乎。
Bring your appetite!	带上你的好胃口来！
The door's open whenever.	门随时为你开着。
You look after everyone.	你照顾着每一个人。
Let me look after you for once.	这次让我来照顾你吧。
Leave it with me.	交给我吧。
Then I'll just keep an eye on you.	那我就在旁边看着你。
I knitted you something.	我给你织了点东西。
Don't laugh: {keepsake}.	别笑话我：{keepsake}。
It suits you.	很适合你。
I knew it would.	我就知道会适合。
Wherever it goes, it's yours.	不管放哪儿，都是你的了。
a lumpy scarf in the {settlement}'s colours	一条织得歪歪扭扭、绣着{settlement}颜色的围巾
You're still here, then.	你还在这儿呢。
Stand there if you like.	想站就站那儿吧。
You're not so bad.	你还算不错。
Suit yourself.	随你便。
Don't make a thing of it.	别把这当回事。
I'm not as hard as I let on.	我没有表面上看起来那么硬心肠。
Not a word to anyone.	别跟任何人说。
Maybe I'll let it show.	也许我会露出来。
Once.	就这一次。
I'm going out to the far end.	我要去远处那头看看。
You can come.	你可以一起来。
If you want.	如果你愿意的话。
Keep up, then.	那就跟上。
Wasn't bothered anyway.	反正也不在意。
I don't do favours.	我不轻易帮人忙。
But for you, I'd make an exception.	但为了你，我可以破个例。
Don't get used to it.	别习惯了。
Your loss.	算你吃亏。
Offer stands.	这话算数。
Take this before I change my mind: {keepsake}.	趁我还没改主意，拿着：{keepsake}。
Don't go soft on me.	别跟我来软的这套。
Put it where you like.	想放哪儿就放哪儿。
I don't care.	我无所谓。
a battered old pocketknife	一把用旧了的折叠小刀
You noticed my work, didn't you?	你注意到我的活儿了，是吧？
Not many do.	没多少人会注意。
No matter.	没关系。
It's good work either way.	反正活儿是做得好的。
I've never once asked anyone for help.	我从没求过谁帮忙。
I'm not sure I know how.	我都不太会开口了。
That means a lot, coming from you.	你这么说，对我来说意义重大。
Maybe I'll try.	也许我会试试看。
Come and see what I've been making.	来看看我在做什么。
I don't show just anyone.	我不是谁都给看的。
Well?	怎么样？
Say something.	说句话吧。
Another day.	改天吧。
It'll keep.	不急，放得住。
I don't like owing.	我不喜欢欠人情。
Tell me what I can do for you.	告诉我能为你做什么。
Done, and gladly.	办了，而且是心甘情愿的。
Then I'll owe you.	那我就欠你的了。
I don't like it.	我不喜欢这样。
This is the best thing I ever made: {keepsake}.	这是我做过最好的东西：{keepsake}。
It's yours.	是你的了。
Look after it.	好好爱惜它。
Show it off, then.	那就拿出去显摆显摆。
I'd be proud.	我会很自豪的。
a little carved bird, rough but proud	一只雕工粗糙却透着骄傲的小鸟
I didn't think you'd stop for me.	我没想到你会为我停下来。
I'm glad you did.	我很高兴你这么做了。
That's all right.	没关系。
Hello, anyway.	不管怎样，你好。
I'm frightened of the {gathering} when it's full.	{gathering}人多的时候我会害怕。
You won't tell?	你不会说出去吧？
Maybe I could try.	也许我可以试试。
With you there.	有你在的话。
There's a quiet spot I go to.	我有个常去的安静地方。
Would you... want to see it?	你……想去看看吗？
It's nicer with two.	两个人一起会更好。
No, that's fine.	不用了，没关系。
I'm no good at much, but I'm good at listening.	我别的不擅长，但我很会倾听。
If you need that.	如果你需要的话。
Really.	真的。
The offer's there.	这个提议一直有效。
I made this for you.	我给你做了这个。
It's small: {keepsake}.	是个小东西：{keepsake}。
You like it?	你喜欢吗？
Really?	真的吗？
Everyone will see it.	大家都会看到的。
a tiny painted stone with your initial on it	一块画着你姓名首字母的小石头
Everyone's been asking about you.	大家都在问你呢。
Stay, tell me everything!	留下来，把一切都告诉我！
Off you go, then.	那你走吧。
Don't be a stranger!	别不来玩啊！
Between us?	就我们两个知道？
I talk so much because the quiet scares me.	我话多是因为安静让我害怕。
You're a good one, you know.	你知道吗，你是个好人。
Maybe I'll say it out loud one day.	也许有一天我会大声说出来。
We're all going out tonight.	我们今晚都要出去玩。
You're coming, no arguments.	你一定要来，不许推辞。
It'll be a night to remember!	这将是难忘的一晚！
Next time, then.	那就下次吧。
I'm holding you to it.	我可记住你这句话了。
I know everyone here.	这里的人我都认识。
Anyone you want to meet, just say.	你想认识谁，尽管说。
Well, the offer's always open.	好吧，这个提议一直有效。
Something to remember us all by: {keepsake}.	留个念想，记住我们大家：{keepsake}。
Every face in it loves you.	照片里的每张脸都爱着你。
Hang it up where people will see!	挂在大家都能看到的地方！
a photo of everyone at the {gathering}, you in the middle	一张{gathering}的合照，你站在正中间
Can't sit still today.	今天坐不住。
Walk with me?	陪我走走？
That's better.	这样好多了。
Much better.	好多了。
I'll be off anyway.	反正我也该走了。
Some nights I pack a bag.	有些晚上我会收拾好行李。
I never go.	但我从没走成过。
I don't know why I pack it.	我不知道自己为什么要收拾。
Thanks for not laughing.	谢谢你没有笑话我。
Maybe I should unpack.	也许我该把行李放回去。
I'm going up the hill at dawn to watch the light.	我要在黎明时分上山看日出。
Come?	一起来吗？
Worth getting up for, eh?	值得为此起个大早吧？
Sleep in, then.	那就睡个懒觉吧。
I'll tell you about it.	我会跟你讲讲的。
I'm quick and I'm handy.	我手脚麻利，又能干。
Anything needs doing, I'm yours.	有什么要做的，尽管找我。
Consider it done already.	就当已经办妥了。
Well, if you think of something.	好吧，想到什么就说。
I've carried this everywhere I've been: {keepsake}.	我走到哪儿都带着这个：{keepsake}。
Now it stays with you.	现在它留在你身边了。
It's home now.	它现在算是安了家。
Like me.	就像我一样。
Show it.	拿出来给人看看。
Let it see the world a bit.	让它也见见世面。
a compass that never quite points north	一个永远指不准正北的指南针
Morning.	早上好。
Good to see you too.	见到你我也很高兴。
Mind how you go.	路上小心。
I've been doing the same thing every day for twenty years.	这件事我一天不落地做了二十年了。
Sometimes I wonder why.	有时我也不知道图个什么。
Thanks for listening.	谢谢你愿意听。
Maybe it's time for something new.	也许是时候换点新鲜事了。
I walk the shore every evening.	我每天傍晚都会去海边走走。
You'd be welcome.	欢迎你一起来。
Nice and quiet.	安安静静的，挺好。
Another evening, then.	那就改天晚上吧。
If something needs mending, I'm the one.	有什么要修的，找我准没错。
Just ask.	尽管开口。
It'll be sound when I'm done.	我修好了肯定牢靠。
Right you are.	好嘞。
Had this a long time.	这个我留了很久了。
Seems right you should have it: {keepsake}.	感觉该由你来收着：{keepsake}。
Keep it safe.	好好收着。
Put it where it can be seen, then.	那就摆在看得见的地方吧。
an old tide clock that still keeps time	一只依然走时准确的旧潮汐钟
I brought you something to eat.	我给你带了点吃的。
You look like you need it.	你看起来正需要呢。
Eat up, there's more.	多吃点，还有呢。
Take it for later, then.	那就留着以后吃吧。
I give things away so nobody notices I've nothing much myself.	我把东西送出去，这样就没人注意到我自己其实没什么了。
Thank you for seeing it.	谢谢你看出来了。
Maybe I'll keep a little back.	也许我该给自己留一点。
For me.	留给我自己。
I'm cooking for the whole {settlement} on Sunday.	周日我要给整个{settlement}的人做饭。
Help me?	帮帮我？
Many hands!	人多好办事！
Come and eat, at least.	那至少来吃点吧。
Whatever you need.	你需要什么都行。
Honestly, whatever it is.	说真的，不管是什么事。
Done, and no need to thank me.	办好了，不用谢我。
It's there when you want it.	你想要的时候它就在那儿。
I want you to have this.	我想把这个给你。
It meant a lot to me: {keepsake}.	这对我来说意义重大：{keepsake}。
It's in good hands.	交到了好人手里。
Share it round.	分给大家尝尝。
That's what it's for.	这就是它的用处。
a battered family recipe book	一本翻旧了的家传食谱
I found a coin on the path and thought of you.	我在路上捡到一枚硬币，就想起了你。
Don't ask why.	别问为什么。
Keep it.	拿着吧。
For luck.	图个好运。
I'll keep it, then.	那我就留着了。
I count every penny because once there weren't any.	我把每一分钱都算得清清楚楚，因为曾经一分钱都没有。
I don't talk about it.	这事我不提。
That's between us.	这是我们之间的秘密。
Maybe I could loosen up.	也许我可以放松一点。
A little.	一点点。
There's a free concert on the green.	草坪上有场免费音乐会。
Free!	免费的！
Come with me.	跟我一起去吧。
Best things in life, eh?	生活中最好的东西不都这样吗？
More cake for me, then.	那蛋糕就归我多吃点了。
I can fix almost anything for next to nothing.	我几乎什么都能修，还不花什么钱。
Let me fix something for you.	让我帮你修点东西吧。
Good as new, you'll see.	修得跟新的一样，你看着吧。
Keep me in mind.	记得我啊。
I don't spend on gifts.	我不舍得花钱买礼物。
But this I kept for you: {keepsake}.	但这个我特意给你留着：{keepsake}。
Worth more than money.	比钱更珍贵。
It cost me nothing.	我没花一分钱。
a tin of buttons, each one from somewhere	一罐纽扣，每一颗都来路不同
Do you ever look at the clouds and see faces?	你有没有看着云朵，看出一张张脸来？
That one's you.	那朵是你。
You see it too!	你也看出来了！
Well, I see it.	反正我是看出来了。
I make up stories about everyone here.	我给这里的每个人都编了故事。
You're in some of them.	有些故事里也有你。
Good ones, I promise.	我保证都是好故事。
Maybe I'll read you one someday.	也许哪天我会念一个给你听。
The stars are out tonight.	今晚星星都出来了。
Really out.	满天都是。
Come and look with me.	陪我一起看看吧。
Did you see that one fall?	你看到那颗流星了吗？
They'll be there tomorrow too.	明天它们也还会在的。
I'm not practical.	我不是个务实的人。
But if you need a dream, I've got plenty.	但如果你需要一个梦，我有的是。
Close your eyes.	闭上眼睛。
Keep one for later.	留一个以后用。
I wrote this for you: {keepsake}.	我为你写了这个：{keepsake}。
Read it when it rains.	下雨的时候读一读。
Read it out loud to everyone, then.	那就念给大家听吧。
a poem about the {settlement}, folded very small	一首关于{settlement}的诗，叠得很小很小
A chapter	一个篇章
{first} ({n})	{first}({n})
lunch	午餐
machine	机器
mackerel	鲭鱼
mainland	大陆
maps	地图
march	三月
mark	马克
married	已婚
matter	事情
may	五月
mayor	镇长
mend	修补
miss	想念
mm	嗯
model	模型
mom	妈妈
monday	星期一
money	钱
monthly	每月
morning	早晨
mother	母亲
move	搬家
mr	先生
mrs	夫人
ms	女士
mum	妈妈
music	音乐
musician	音乐家
name	名字
need	需要
net	渔网
nets	渔网
newcomer	新来的人
news	消息
next	下一个
nice	不错
nippy	微凉
no	不
none	无
nothing	没什么
november	十一月
nurse	护士
october	十月
oh	哦
ok	好的
okay	好的
once	曾经
one	一
online	在线
open	营业
opinion	意见
order	订单
origin	起源
other	其他
others	其他人
outcome	结果
outing	出游
outside	外面
oven	烤箱
own	自己的
paint	油漆
painter	画家
pal	伙伴
pandemic	疫情
paper	报纸
parcel	包裹
parents	父母
paris	巴黎
partner	伴侣
partners	伙伴们
party	聚会
patch	补丁
pending	待定
person	人
picnic	野餐
pier	码头
pile	一堆
pint	一品脱
place	地方
plan	计划
plans	计划
plant	植物
planter	花盆
poems	诗
point	海角
postbox	邮筒
potluck	百家宴
potter	陶艺师
present	礼物
prickly	多刺
problem	问题
progress	进展
proud	骄傲
pub	酒馆
pupil	学生
purchase	购买
purchases	购买
push	推
quarrel	争吵
quay	码头
quiet	安静
quietly	安静地
quiz	问答
race	赛跑
rain	雨
raining	下雨
rainy	多雨
reaction	反应
read	阅读
rebuild	重建
reconcile	和解
reef	礁石
regatta	帆船赛
reopen	重新开业
repair	修理
reply	回复
resident	居民
rest	休息
restless	不安
revenue	收入
right	对
room	房间
root	根
rough	粗糙
rowboat	划艇
rude	粗鲁
rule	规则
russia	俄罗斯
sad	难过
saturday	星期六
scared	害怕
school	学校
seabirds	海鸟
sell	出售
september	九月
settlement	定居点
shape	形状
share	分享
shelf	架子
shift	班次
shifts	班次
short	缺少
shortfall	缺口
show	展示
shrug	耸肩
shy	稀少
side	边
sigh	叹气
signpost	路标
singing	唱歌
single	单身
sister	姐妹
situation	情况
skip	跳过
sky	天空
sleep	睡觉
slipway	下水道
smartphone	智能手机
snow	雪
snowing	下雪
snug	温馨
sociable	善交际
software	软件
sol	索尔
sold	售出
someone	某人
someone special	特别的人
somewhere	某处
son	儿子
song	歌曲
sorry	抱歉
sort	整理
sound	声音
space	空间
special someone	特别的人
spirits	心情
spot	地点
spring	春天
sprouts	芽甘蓝
stall	摊位
start	开始
state	状态
statue	雕像
status	状态
stay	留下
steady	稳定
stock	库存
storm	暴风雨
story	故事
strained	紧张
stranger	陌生人
stressed	有压力
student	学生
stuff	东西
summary	摘要
summer	夏天
sun	太阳
sunday	星期日
sunflowers	向日葵
sunny	晴朗
sunshine	阳光
super	超棒
supporter	支持者
sure	当然
swallows	燕子
sweet	甜美
swing	秋千
take	拿
tale	故事
talk	交谈
tangled	缠结
tasty	美味
tea	茶
teach	教
teacher	老师
team	团队
tent	帐篷
thank	感谢
the harbour	海港
thick	成群
thin	稀少
thing	东西
things	事情
this week	本周
three	三
threshold	门槛
thrifty	节俭
thursday	星期四
tides	潮汐
times	时代
tired	疲惫
title	标题
together	一起
tokyo	东京
tonight	今晚
tool	工具
topic	话题
trade	贸易
traveller	旅行者
treasure	宝藏
treat	款待
tree	树
true	真实
trust	信任
tuesday	星期二
turnout	参与人数
tutor	导师
two	二
ugly	丑陋
unclear	不明
undo	撤销
unemployed	失业
unhappy	不快乐
unit	单位
until	直到
unwell	不适
upload	上传
upset	难过
usa	美国
value	价值
vegetables	蔬菜
verdict	裁决
very	非常
view	景色
visitor	访客
wage	工资
wait	等待
walk	散步
want	想要
warm	温暖
washington	华盛顿
watch	手表
wave	波浪
weather	天气
web	网络
website	网站
wednesday	星期三
week	星期
welcome	欢迎
well	好吧
when	何时
where	哪里
who	谁
whom	谁
why	为什么
wife	妻子
wind	风
windy	多风
wine	葡萄酒
winter	冬天
wish	愿望
with	和
wonderful	极好
wood	木材
word	消息
words	话
work	工作
worker	工人
working	工作中
workplace	工作场所
worn	磨损
worried	担心
worries	忧虑
worry	担心
worrying	令人担心
wrong	错误
yes	是
yesterday	昨天
a drawing of their own	一幅自己画的画
a gem	一颗宝石
a joke	一个笑话
a keepsake for the first deed	第一份契据的纪念品
a legend	一个传说
a little something for you	给你的一点心意
a question on the first day	开业第一天的问题
a star	一颗星星
about	关于
about you	关于你
about yourself	关于你自己
accepted	已接受
active	活跃
activity	活动
afraid	害怕
afternoon	下午
again	又
ah	啊
ah okay	啊,好吧
all good	都挺好
alone	独自
already here	已经到了
already open	已经开门了
already warmed	已经预热好了
alright	好的
alright then	那好吧
amazing	了不起
amount	数额
an angel	一位天使
and then the first question	然后是第一个问题
angry	生气
angry with me	生我的气
annoying	烦人
annoys you	让你心烦
another	另一个
answer	答案
apart	分开
apologies	抱歉
appreciate	感激
appreciated	很感激
april	四月
argue	争吵
argued	吵过架
arguing	吵架
argument	争执
around town	在镇上
ask	询问
asked by someone	有人问起
at	在
at home	在家
august	八月
autumn	秋天
avoid	回避
avoiding	躲着
away	离开
aye	是啊
baker	面包师
bakery	面包店
barrel	木桶
be alright	会没事的
be fine	没事
be off	该走了
be ok	没事
be okay	没事
beautiful	美丽
beautiful day	美好的一天
because	因为
been busy	一直很忙
been doing	在忙什么
been up to	在忙些什么
bench	长椅
benches	长椅
best friend	最好的朋友
better go	该走了
between you	在你们之间
big event	大事件
birdhouse	鸟舍
bit windy today	今天有点风
boat	船
boats	船只
bond	羁绊
book	书
books	书籍
boring	无聊
bother	打扰
bothering	困扰
bought	买了
boyfriend	男朋友
bread	面包
brighten	点亮
brilliant	太棒了
brilliantly	精彩地
broken	坏了
brother	兄弟
brought something for you	给你带了点东西
brought you	给你带了
brr it's freezing	嗬,好冷
bucket	水桶
build	建造
bunting	彩旗
bury the hatchet	握手言和
business	生意
busy	忙
buy	购买
bye	再见
cake	蛋糕
calendar	日历
can i get you anything	需要我给你准备些什么吗
can i help	需要帮忙吗
card	卡片
cards	卡片
care to join me for supper	要不要一起吃个晚饭
carpenter	木匠
cash	现金
catch you later	回头见
celebration	庆典
cellar	地窖
chapter	章节
cheap	便宜
cheer up	振作起来
cheers	干杯
cheesemaker	奶酪匠
child	孩子
children	孩子们
chilly	微凉
chimney	烟囱
chin up	振作点
choice	选择
christmas	圣诞节
clear up	放晴
closed	关门了
closest	最近的
coats	外套
coffee	咖啡
cold	寒冷
colony	殖民地
come and eat with me	一起来吃饭吧
come for a drink	一起喝一杯吧
come with me	跟我来
comfort	安慰
coming	快到了
coming up	即将到来
compliment	夸奖
condition	状态
confide	倾诉
content	满足
cool	凉爽
cost	花费
council	议会
count	数量
cracking	很棒
crates	板条箱
creature	生物
cross	生气
cross with	生...的气
crowd	人群
customer	顾客
dad	爸爸
damaged	损坏了
dance	跳舞
daughter	女儿
day	一天
december	十二月
decision	决定
decline	婉拒
declined	婉拒了
decorate	装饰
deed	契据
delicious	美味
delivery	送货
destitute	一贫如洗
dinner	晚餐
disgust	厌恶
disrupted	被打断
doctor	医生
doing	在做
doing ok	还好
doing your best	尽力而为
done well	做得好
dr	医生
dream	梦想
dreamy	如梦
drift	漂流
drifted	漂来的
driftwood	浮木
drink	饮品
drinks	饮品
drive	开车
drop dead	去死吧
dumb	蠢
dust	灰尘
earlier	早些时候
easter	复活节
easy	轻松
effect	效果
eh	嗯
employer	雇主
enemies	敌人
enemy	敌人
enjoyed	很享受
errands	差事
evening	傍晚
evening all	大家晚上好
event	活动
everyone	大家
exactly	没错
exciting	令人兴奋
excuse	借口
exhausted	筋疲力尽
expensive	昂贵
extra	额外
fair enough	有道理
falling out	闹翻
family	家人
fancy a	想不想来点
fancy a pint	想不想去喝一杯
fantastic	太好了
farewell	告别
father	父亲
favour	帮忙
feast	盛宴
february	二月
feel	感觉
feeling	感觉
feeling down	情绪低落
fell out	闹翻了
festival	节日
fetch	去取
feud	恩怨
fever	发烧
fiddler	提琴手
fight	打架
fighting	争吵
fine	挺好
fish	鱼
fisher	渔民
five	五
fix	修理
fixture	固定装置
flag	旗帜
flagpole	旗杆
flour	面粉
flower	花
flowerboxes	花箱
flowers	鲜花
foes	敌人
fog	雾
foggy	有雾
fool	傻瓜
for a living	谋生
for fun	为了好玩
forgive	原谅
fought	吵过
found	找到了
fountain	喷泉
four	四
fractions	分数
free time	空闲时间
freezing	冰冷
friday	星期五
friend	朋友
friends	朋友们
from	来自
fund	资金
funds	资金
garden	花园
gardener	园丁
gather	聚集
gathering	聚会
geese	鹅群
generous	慷慨
get along	相处融洽
get better	好起来
get lost	滚开
get on	相处
get out	出去
get out of my face	从我面前消失
get through	熬过去
gift	礼物
girlfriend	女朋友
give	给予
gloomy	阴沉
go	走
go away	走开
goal	目标
god	天啊
golden	金色
gonna	打算
good	好
good afternoon	午安
good evening	晚上好
good job	做得好
good morning	早上好
good night	晚安
goodbye	再见
goodnight	晚安
gossip	八卦
got a little present for you	给你准备了一份小礼物
got to go	得走了
got you	明白了
gotta go	得走了
gran	奶奶
grand	很棒
grandad	爷爷
granted	批准了
great	很好
great bread today	今天的面包真棒
great job	做得漂亮
greet	打招呼
greeted	打过招呼
grew up	长大
grey	灰色
grow up	长大
grown	长大了
grudge	积怨
haha	哈哈
hands	双手
hang in	坚持住
hang in there	坚持住
hang out	一起玩
happened	发生了
happening	正在发生
happy	开心
happy here	在这里很开心
harbour	港口
harvest	丰收
hatchet	斧头
have a gift	有一份礼物
have a good day	祝你今天愉快
have a lovely day	祝你度过愉快的一天
have a nice day	祝你今天愉快
have this	拿去吧
have to go	得走了
heard	听说
heavy	沉重
hello	你好
hello again	又见面了
hello there	你好呀
help	帮忙
herbs	香草
here for you	我在你身边
here you go	给你
hey	嘿
hey hey	嘿嘿
hey there	嘿,你好
hey you	嘿,你
hi	嗨
hire	雇佣
hiya	嗨呀
hm	嗯
hmm	嗯
hobbies	爱好
hobby	爱好
hold	拿着
holiday	假日
homework	作业
hot	炎热
hotel	旅馆
hour	小时
household	家庭
howdy	你好啊
husband	丈夫
i brought you flowers	我给你带了花
i got this for you	这个给你
i got you a present	我给你准备了礼物
i have to go	我得走了
i know	我知道
i like you	我喜欢你
i like your	我喜欢你的
i made you something	我给你做了点东西
i owe you one	我欠你一个人情
i see	我明白了
i'd better be off	我该走了
i'll leave you to it	我就不打扰你了
i'm here for you	我一直在你身边
i'm off	我走了
idiot	笨蛋
in	在
indeed	确实
inspector	检查员
interesting	有趣
investment	投资
invite	邀请
item	物品
january	一月
job	工作
join me	一起来吧
join me for tea	一起喝杯茶吧
july	七月
june	六月
keep	保留
keepsake	纪念品
kept	保留了
kids	孩子们
kind	善良
kind of you	你真好
knackered	累坏了
knots	节
lamp	灯
lantern	灯笼
lanterns	灯笼
lapse	疏忽
lapsed	过期了
last	上一次
later	稍后
latest	最新
lazy	懒惰
lean	精瘦
learn	学习
leave	离开
leave me alone	让我一个人待着
leave you be	不打扰你了
leave you to	不打扰你去
leaving	离开
lender	放贷人
let's get dinner	一起吃个晚饭吧
let's have lunch	一起吃午饭吧
letter	信
library	图书馆
lighthouse	灯塔
like	喜欢
lived	住过
lives	生活
local	本地
location	位置
lonely	孤独
look down	无精打采
look well	气色不错
looking forward	期待
looks like rain	看起来要下雨了
loser	废物
loss	损失
lost	迷路了
love the	喜欢这个
love the bread	喜欢这面包
love your	喜欢你的
love your work	喜欢你的作品
lovely	可爱
lovely day	美好的一天
lovely sunshine	明媚的阳光
We haven't met properly.	我们还没正式认识呢。
I'm {name}, by the way.	对了，我是{name}。
I've seen you about.	我常看见你在附近。
Hello!	你好！
I hear you're new round here.	听说你是新来的。
At last!	终于见到你了！
I've been meaning to say hello.	我一直想来打个招呼。
A few lines, since I didn't see you today.	今天没见着你，就写几句。
Thought you'd like to know how things are.	想着你会想知道这边怎么样。
Writing because it's quiet here.	这儿挺安静，就给你写封信。
I wanted to tell you something.	我想跟你说件事。
Just a note, nothing much.	就写张便条，没什么大事。
Hello from me.	向你问好。
You weren't about, so I'm writing.	你不在，所以我写信给你。
News, of a sort.	算是点消息吧。
Couldn't find you, so here's a letter.	没找到你，就写了这封信。
A quiet day.	安静的一天。
I thought of you.	我想起了你。
Come by soon.	早点过来坐坐。
Yours, {name}.	{name}上。
See you around the {settlement}.	{settlement}见。
That's all.	就这些。
Take care.	保重。
Write back, if you like.	愿意的话，给我回信吧。
More when I see you.	见面再细说。
Best, {name}.	祝好，{name}。
Mind how you go.	路上小心。
a letter from {name}	{name}的一封信
{} wrote to you	{}给你写了信
{} wrote to you, with {what}	{}给你写了信，还附上了{what}
Written to you on a quiet day	在安静的日子里写给你
A year ago today: {told}.	一年前的今天：{told}。
Remember?	还记得吗？
Would you believe it?	你信吗？
Feels like yesterday.	仿佛就在昨天。
Where does the time go?	时间都去哪儿了？
I still think about it.	我还常常想起。
We've come a long way.	我们走了很远的路。
{name} remembered a year ago today	{name}想起了一年前的今天
Something for the turn of the season.	换季了，给你带点东西。
Left for you as a season turns	换季时留给你的
Comes on a quiet day	在平静的日子里到来
Letters	信件
{name} wrote to you	{name}给你写了信
{guest} came over from {home} to visit	{guest}从{home}来串门了
{guest} brought you a letter.	{guest}给你带来了一封信。
Here.	给你。
Out by {place}, if the weather holds	如果天气好，就在{place}外面
At {place}	在{place}
Suggested lately.	最近刚提议过。
Again in {n} days.	{n}天后可以再提。
{what} was rained off; {names} made the best of it at {place}	{what}被雨搅了；{names}在{place}照样玩得开心
Only {names} came to {what} at {place}	只有{names}来了{place}的{what}
{names} came to {what} at {place}	{names}来了{place}的{what}
Half the {settlement} came to {what} at {place}	半个{settlement}的人都来了{place}的{what}
a picnic	野餐
a market	集市
a dance	舞会
Soggy sandwiches, still fun.	三明治湿透了，还是很开心。
Next time, a sunny day.	下次挑个晴天。
We laughed anyway.	我们还是笑得很开心。
Small, but lovely.	人不多，但很温馨。
Just us.	就我们几个。
That's fine.	也挺好。
Quiet, but nice.	安静，但很好。
What a good idea that was.	这主意真不错。
We should do this more.	我们该多办办这样的事。
Lovely afternoon.	美好的下午。
Best day in ages!	好久没这么开心了！
Everyone came!	大家都来了！
Everyone!	所有人！
Let's make it a tradition.	我们把它变成传统吧。
The {what} by {place}: just what my legs needed.	{place}旁的{what}：正合我这双腿的心意。
Best seat by {place}, this {what}.	这{what}是{place}最好的座位。
I could sit on this {what} all day.	我能在这{what}上坐一整天。
Good {what}, this.	这{what}真不错。
Solid.	结实。
You can see all of {place} from here.	从这儿能看到整个{place}。
Five minutes on the {what}.	在{what}上歇五分钟。
Then back to it.	然后接着干活。
Whoever made this {what} knew what they were doing.	做这{what}的人真是行家。
My favourite spot, the {what} by {place}.	我最喜欢的地方，{place}旁的{what}。
Sat on the {what} and watched the gulls.	坐在{what}上看海鸥。
Bliss.	惬意极了。
A rest on the {what} and I'm new again.	在{what}上歇一歇，我又焕然一新。
It's nice by the {what} of an evening.	傍晚在{what}旁真好。
We lost track of time by the {what}.	我们在{what}旁忘了时间。
The light down by {place} makes you want to stay.	{place}那边的灯光让人不想走。
{other} told me a story I'd never heard.	{other}给我讲了一个我从没听过的故事。
Me and {other}, putting the world to rights.	我和{other}，把天下大事聊了个遍。
{other} laughed so hard they cried.	{other}笑得眼泪都出来了。
Didn't feel the cold, talking to {other}.	和{other}聊天，一点也不觉得冷。
You learn a lot about {other} after dark.	天黑以后，你会更了解{other}。
The {what} was the only light down by {place}.	{what}是{place}那边唯一的光。
Stayed out by the {what} longer than I meant to.	在{what}旁待得比打算的久。
From your {what}.	来自你的{what}。
Seemed only fair.	这才公平。
The {what} did well this week.	这周{what}长得很好。
This is yours.	这是你的。
First pick from your {what}.	你的{what}里摘的头一批。
Your {what} keeps giving.	你的{what}一直有收获。
Picked these from your {what} this morning.	今早从你的{what}里摘的。
Don't tell anyone, but your {what} beats mine.	别告诉别人，你的{what}比我的强。
A neighbour	一位邻居
From {guest}, of {home}: {letter}	来自{home}的{guest}：{letter}
a postcard of {place}	一张{place}的明信片
Suggest	提议
The news here is that {told}.	这边的消息是：{told}。
In case nobody told you, {told}.	怕没人告诉你：{told}。
Big news round here: {told}.	这儿的大新闻：{told}。
You'll have heard, but {told}.	你大概听说了，不过：{told}。
I was thinking today about when {told}.	今天我想起了那时候：{told}。
I still smile about the time {told}.	想起那回{told}，我到现在还会笑。
Do you remember when {told}?	你还记得{told}的时候吗？
I do.	我记得。
Funny what stays with you.	有些事就是忘不掉。
The day {told}, for one.	比如{told}的那天。
I've never told you about {other}, have I?	我从没跟你说过{other}吧？
Funny, I've never once mentioned {other}.	说来好笑，我从没提过{other}。
Did I ever tell you about {other}?	我跟你讲过{other}吗？
You'll know {other} by now.	你现在应该认识{other}了。
Can I tell you something about {other}?	我能跟你说说{other}吗？
I've been meaning to say something about {other}.	我一直想跟你说说{other}。
They make every day easier.	有他们在，每天都轻松些。
One of the best people I know.	我认识的人里数一数二的好。
I'd trust them with anything.	什么事我都信得过他们。
I like them.	我喜欢他们。
I really do.	真的。
Good company, always.	一直是很好的伴。
We get on well enough.	我们处得还行。
We nod in passing.	碰见了点个头。
That's about it.	也就这样。
We don't see eye to eye.	我们合不来。
Best we keep out of each other's way.	我们还是互不打扰的好。
I'd rather not talk about them, to be honest.	说实话，我不想提他们。
We fell out.	我们闹翻了。
It still stings.	到现在还难受。
I've never told you what I think of {subject}.	我从没跟你说过我对{subject}的看法。
Funny, we've never talked about {subject}.	说来好笑，我们从没聊过{subject}。
You've never heard me on {subject}, have you?	你还没听我说过{subject}吧？
Here's something about {subject} I've never said.	关于{subject}，有件事我从没说过。
I don't think I've said a word about {subject} before.	我好像从没提过{subject}。
{name} spoke of {other} for the first time	{name}第一次说起{other}
{name} showed you {corner}	{name}带你看了{corner}
It means more to me than I let on.	它对我的意义，比我说出来的要多。
I've a soft spot for it, if I'm honest.	说实话，我对它有点偏爱。
I could take it or leave it, to be fair.	说句公道话，有没有它我都无所谓。
It always puts me in a good mood.	它总能让我心情变好。
My mother loved it.	我妈妈很喜欢它。
So do I.	我也是。
I remember the first time, clear as day.	第一次的情形，我记得清清楚楚。
the day {told}	{told}的那天
the evening {a} and {b} spent at {place}	{a}和{b}在{place}度过的那个晚上
# v1.0: help through hard times, courting, potlucks, odd jobs, what people say by what you made
Find them odd jobs	给他们找点零活
Everyone brings a dish	每人带一道菜
{a} took their time, and {a} and {b} started walking out together	{a}慢慢来，最后{a}和{b}开始交往了
We took it slowly, {b} and me.	我和{b}，我们慢慢来的。
Worth the wait.	等得值。
{a} kept it to themselves, and spent more time with {b}	{a}把心事藏着，多花了些时间陪{b}
{a} asked {b} out on their own, and {b} said yes	{a}自己鼓起勇气约了{b}，{b}答应了
I asked {b} myself in the end.	最后是我自己去问的{b}。
Yes, {b} said!	{b}说好！
{a} never quite said anything to {b}	{a}始终没对{b}说出口
Never found the words.	一直没找到合适的话。
I nearly said something.	我差点就说出口了。
Nearly.	差一点。
Some things stay unsaid.	有些话就是说不出口。
It'll pass.	会过去的。
I expect.	我想是吧。
{a} did odd jobs round the {settlement}	{a}在{settlement}里打零工
Odd jobs pay.	零活也能挣钱。
Not much, but they pay.	不多，但总归有。
Painted three gates and a shed.	刷了三扇门和一个棚子。
It adds up.	积少成多。
Tired, but the {unit} is paid for.	累是累，这{unit}的开销算是有着落了。
Everyone brought a dish to {a} and {b}'s do at {gathering}	大家都带了菜，到{gathering}参加{a}和{b}的聚会
So many dishes, and not one the same!	这么多菜，没有一道是重样的！
{b} waited a day for an answer, then moved on with {way_out}	{b}等了一天也没等到回音，就坐{way_out}走了
Shame.	可惜了。
{b} seemed nice.	{b}看起来人挺好的。
You left {a} be, and it cooled a little	你没去打扰{a}，气也消了一点
Another {thing}?	又一个{thing}？
The {settlement} won't know itself.	{settlement}都要认不出自己了。
Straight and true, that {thing}.	那个{thing}又正又直。
Who taught you?	谁教你的？
I watched you build that {thing}.	我看着你造那个{thing}的。
{thing} all over {place}.	{place}到处都是{thing}。
Is it someone's birthday?	今天是谁过生日吗？
You've a good eye.	你眼光真好。
{place} looks like a party.	{place}看起来像在办派对。
Water it at dusk, not at noon.	黄昏浇水，别在中午浇。
Trust me.	信我的。
Green by {place}!	{place}边上绿起来了！
The bees will find it.	蜜蜂会找到它的。
The {thing} by {place} now?	{thing}现在放在{place}边上了？
Yes, I see it.	嗯，我明白了。
Moved the {thing}?	把{thing}挪了？
It catches the light there.	放那儿能照到光。
I'd got used to the {thing} where it was.	我都习惯{thing}原来的位置了。
This is better.	现在这样更好。
The {thing} looks at home by {place}.	{thing}在{place}边上看着很自在。
You'll wear that {thing} out, moving it about.	你这么挪来挪去，{thing}都要被你挪坏了。
Now the {thing}'s by {place}, I'll sit there.	既然{thing}挪到了{place}边上，我就坐那儿。
Ate my lunch on the {what} by {place}.	我在{place}边的{what}上吃了午饭。
Lovely.	真好。
The {what}'s warm from the sun this time of day.	这个时候{what}被太阳晒得暖暖的。
Nodded off on the {what}.	在{what}上打了个盹。
Don't tell anyone.	别告诉别人。
Somebody left a book on the {what}.	有人把一本书落在{what}上了。
I read a chapter.	我读了一章。
Watched the whole of {place} go by from the {what}.	坐在{what}上看着整个{place}的人来来往往。
My knees thank whoever put a {what} by {place}.	我的膝盖要感谢在{place}放{what}的人。
A quiet sit on the {what}.	在{what}上安安静静坐了一会儿。
Nobody asked me anything.	谁也没来问我什么。
Shared the {what} with a stranger.	和一个陌生人共用了{what}。
Nice sort.	人不错。
The {what} by {place} has a view I'd pay for.	{place}边上那个{what}的风景，我愿意花钱看。
Sat on the {what} till my tea went cold.	在{what}上一直坐到茶都凉了。
{other} sang.	{other}唱歌了。
Badly.	唱得很烂。
We all joined in.	我们都跟着唱。
Moths round the {what}, and {other} naming every one.	{what}周围飞着飞蛾，{other}一只只报出名字。
{other} and I watched the stars come out by the {what}.	我和{other}在{what}旁看着星星一颗颗冒出来。
Half of {place} ended up by the {what} last night.	昨晚半个{place}的人都跑到{what}旁边来了。
Somebody brought a flask.	有人带了一壶酒。
The {what} did the rest.	剩下的交给{what}。
{other} told me a secret by the {what}.	{other}在{what}旁告诉了我一个秘密。
My lips are sealed.	我守口如瓶。
The {what} by {place} is where the talking happens now.	现在大家都在{place}的{what}旁聊天。
We made plans by the {what}.	我们在{what}旁定了计划。
Big ones, for us.	对我们来说是大计划。
Played cards by the {what} till the light gave out.	在{what}旁打牌，一直打到光都没了。
{other} and I got talking and never stopped.	我和{other}一聊就停不下来。
The {what} glows like a little moon by {place}.	{what}在{place}边亮得像个小月亮。
Supper out by the {what}.	在{what}旁吃晚饭。
Everything tastes better.	什么都更好吃。
{other} brought a fiddle.	{other}带了把提琴。
The {what} brought the rest of us.	{what}把其他人都招来了。
I walked home late from the {what}, humming.	我从{what}那儿哼着歌很晚才走回家。
# v1.0: more said by what you made and moved
Round and round goes the {thing}.	{thing}挪来挪去的。
I like it here.	我喜欢放在这儿。
The {thing}'s found its spot by {place}, I reckon.	我看{thing}在{place}边上算是找到位置了。
Someone's fond of moving that {thing}.	有人就爱挪那个{thing}。
By {place}, the {thing}?	{thing}放到{place}边上了？
Suits it.	挺合适。
I nearly walked into the {thing}.	我差点撞上{thing}。
It's moved!	它换地方了！
The {thing} again?	又是{thing}？
{place} it is, then.	那就放{place}吧。
Our little crowd by the {what} grows every week.	{what}旁边我们这一小群人，每周都在变多。
{other} taught me a card trick by the {what}.	{other}在{what}旁教了我一个纸牌戏法。
I can't do it.	我学不会。
Watched the boats' lights from the {what} with {other}.	和{other}在{what}旁看船上的灯光。
Nobody wanted to go home from the {what}.	谁都不想从{what}那儿回家。
{other} and I shared a pie by the {what}.	我和{other}在{what}旁分了一个派。
Best supper all week.	这周最好的一顿晚饭。
The {what} by {place} is the warmest spot after dark.	天黑以后，{place}的{what}旁是最暖和的地方。
An owl came and sat near the {what}.	一只猫头鹰飞来停在{what}旁边。
We all went quiet.	我们都不出声了。
{other} brought blankets.	{other}带了毯子。
We stayed by the {what} past midnight.	我们在{what}旁一直待到半夜。
# v1.0: the street, as a place
street	街道
# v1.0: getting together at a gathering
{a} and {b} got together at {at}	{a}和{b}在{at}上走到了一起
{b} and me, after {at}.	{at}之后，我和{b}就在一起了。
{b} asked me to dance at {at}.	{b}在{at}上请我跳舞。
I said yes to more than the dance.	我答应的可不只是跳舞。
It was {at} that did it.	都是{at}的功劳。
{b} and me.	我和{b}。
# v0.21: a festival as it is told, with how it went against last year,
# who was new and what the player made there, is one sentence with named
# slots, not a sentence with pieces glued on.
{told}, around the {made} you made	{told}，就在你做的{made}旁边
{told}, with a new face among them	{told}，还多了一张新面孔
{told}, with a new face among them, around the {made} you made	{told}，还多了一张新面孔，就在你做的{made}旁边
{told}, with {new} new faces among them	{told}，还多了{new}张新面孔
{told}, with {new} new faces among them, around the {made} you made	{told}，还多了{new}张新面孔，就在你做的{made}旁边
{told}, bigger than last year	{told}，比去年更热闹
{told}, bigger than last year, around the {made} you made	{told}，比去年更热闹，就在你做的{made}旁边
{told}, bigger than last year, with a new face among them	{told}，比去年更热闹，还多了一张新面孔
{told}, bigger than last year, with a new face among them, around the {made} you made	{told}，比去年更热闹，还多了一张新面孔，就在你做的{made}旁边
{told}, bigger than last year, with {new} new faces among them	{told}，比去年更热闹，还多了{new}张新面孔
{told}, bigger than last year, with {new} new faces among them, around the {made} you made	{told}，比去年更热闹，还多了{new}张新面孔，就在你做的{made}旁边
{told}, nothing like last year	{told}，远不如去年
{told}, nothing like last year, around the {made} you made	{told}，远不如去年，就在你做的{made}旁边
{told}, nothing like last year, with a new face among them	{told}，远不如去年，还多了一张新面孔
{told}, nothing like last year, with a new face among them, around the {made} you made	{told}，远不如去年，还多了一张新面孔，就在你做的{made}旁边
{told}, nothing like last year, with {new} new faces among them	{told}，远不如去年，还多了{new}张新面孔
{told}, nothing like last year, with {new} new faces among them, around the {made} you made	{told}，远不如去年，还多了{new}张新面孔，就在你做的{made}旁边
{told}, as good as last year	{told}，和去年一样好
{told}, as good as last year, around the {made} you made	{told}，和去年一样好，就在你做的{made}旁边
{told}, as good as last year, with a new face among them	{told}，和去年一样好，还多了一张新面孔
{told}, as good as last year, with a new face among them, around the {made} you made	{told}，和去年一样好，还多了一张新面孔，就在你做的{made}旁边
{told}, as good as last year, with {new} new faces among them	{told}，和去年一样好，还多了{new}张新面孔
{told}, as good as last year, with {new} new faces among them, around the {made} you made	{told}，和去年一样好，还多了{new}张新面孔，就在你做的{made}旁边
{told}, much as it was last year	{told}，和去年差不多
{told}, much as it was last year, around the {made} you made	{told}，和去年差不多，就在你做的{made}旁边
{told}, much as it was last year, with a new face among them	{told}，和去年差不多，还多了一张新面孔
{told}, much as it was last year, with a new face among them, around the {made} you made	{told}，和去年差不多，还多了一张新面孔，就在你做的{made}旁边
{told}, much as it was last year, with {new} new faces among them	{told}，和去年差不多，还多了{new}张新面孔
{told}, much as it was last year, with {new} new faces among them, around the {made} you made	{told}，和去年差不多，还多了{new}张新面孔，就在你做的{made}旁边
{told}, thin again this year	{told}，今年又很冷清
{told}, thin again this year, around the {made} you made	{told}，今年又很冷清，就在你做的{made}旁边
{told}, thin again this year, with a new face among them	{told}，今年又很冷清，还多了一张新面孔
{told}, thin again this year, with a new face among them, around the {made} you made	{told}，今年又很冷清，还多了一张新面孔，就在你做的{made}旁边
{told}, thin again this year, with {new} new faces among them	{told}，今年又很冷清，还多了{new}张新面孔
{told}, thin again this year, with {new} new faces among them, around the {made} you made	{told}，今年又很冷清，还多了{new}张新面孔，就在你做的{made}旁边
