# Japanese for systems: English, a tab, then the translation. Generated with a model and checked by tests; edit freely.
{name} is {days} days away.	{name}まであと{days}日。
Better than last year!	去年よりいいね！
Not like last year.	去年とは違うね。
Every bit as good as last year.	去年に負けないくらいよかった。
Just like last year.	去年とおんなじ。
Thin again.	今年もさびしいね。
Like last year.	去年と同じだね。
Good to see a new face.	新しい顔が見られてうれしいな。
Good to see new faces.	新しい顔ぶれが見られてうれしいな。
which festival?	どのお祭り？
Calendar	暦
it isn't time to get ready	まだ準備する時期じゃない
they're already getting ready	もう準備を始めている
it isn't the day	その日じゃない
it has been held today	今日はもう開かれた
Midsummer Fair in 3 days	夏至の市まであと3日
Midsummer Fair today	今日は夏至の市
{} today	今日は{}
{} tomorrow	明日は{}
{} in {days} days	{}まであと{days}日
Lantern Night in 3 days	ランタンの夜まであと3日
Grey and wet.	どんよりして雨模様。
You said to mend the roof {ago}.	{ago}、屋根を直せって言ってくれたよね。
{x}'s gone, and I can't say I miss them.	{x}はいなくなったけど、正直さびしくはないかな。
{x} left.	{x}は出ていったよ。
I miss them.	さびしいな。
Ask them yourself.	本人に聞いてみたら。
Why would I know?	なんで私が知ってると思うの？
Not my business.	私には関係ないよ。
{x}?	{x}？
We're good, thanks for asking.	うまくやってるよ、気にかけてくれてありがとう。
{x}'s happy with {p}.	{x}は{p}とうまくいってるみたい。
{x} and {p} are having a hard time.	{x}と{p}は今、大変なんだ。
{x}'s worried about money.	{x}はお金のことで悩んでるよ。
{x}'s worn out, poor thing.	{x}は疲れきってる。かわいそうに。
{x} seems lonely lately.	{x}は最近さびしそうだね。
{x}'s restless, looking for something to do.	{x}はそわそわしてる。何かやることを探してるみたい。
{x}'s doing well.	{x}は元気にやってるよ。
One of the best, {x}.	{x}はいい人だよ。本当に。
{x}'s doing alright, I think.	{x}はまあまあ元気なんじゃないかな。
What do you want?	何の用？
Oh.	ああ。
It's you.	あんたか。
Hello, love!	こんにちは、よく来たね！
Oh, it's you!	あら、あなただったの！
Hello.	こんにちは。
What is it?	どうしたの？
Hm.	ふうん。
Good day to you.	ごきげんよう。
Ah.	ああ。
Oh!	おっ！
Hi.	やあ。
Um, hello.	えっと、こんにちは。
There you are!	いたいた！
Hello!	こんにちは！
Hey, good to see you!	やあ、会えてうれしいよ！
Hi!	やあ！
Can't stop long.	長くは話せないんだ。
Hey.	よう。
What's up?	どうしたの？
Hello there.	やあ、こんにちは。
Good to see you.	会えてうれしいよ。
Hello, friend!	こんにちは、友よ！
Come and sit.	座っていきなよ。
Oh, hello.	あら、こんにちは。
I was miles away.	ちょっとぼんやりしてた。
Lovely light today.	今日は光がきれいだね。
Hi there.	やあ、こんにちは。
last {}	この前の{}
the other day	この間
last week	先週
a while back	だいぶ前
the flowers	あの花
the cake	あのケーキ
the bread	あのパン
the book	あの本
the fish	あの魚
the wine	あのワイン
the tea	あのお茶
the present	あの贈り物
that drink	あの一杯
our walk	あの散歩
that coffee	あのコーヒー
that cup of tea	あのお茶の時間
our time together	一緒に過ごした時間
You got {b} and me talking {{ago}}.	{{ago}}、{b}と私が話すきっかけを作ってくれたよね。
We're better for it.	おかげで前よりいい関係だよ。
You took my side against {b} {{ago}}.	{{ago}}、{b}とのことで私の味方をしてくれたよね。
I won't forget it.	忘れないよ。
You told me to go for it with {b} {{ago}}.	{{ago}}、{b}のことは思いきって行けって言ってくれたよね。
I'm glad I did.	そうしてよかった。
Those lessons with {b} you set up {{ago}}?	{{ago}}、{b}に習えるよう手配してくれたでしょ？
I'm getting the hang of it.	だんだんコツがつかめてきたよ。
You helped me out {ago} when I was short.	{ago}、お金に困ってたときに助けてくれたよね。
I'm back on my feet.	おかげで立ち直れたよ。
You took me out {ago} when I was low.	{ago}、落ちこんでたときに連れ出してくれたよね。
It meant a lot.	すごくうれしかった。
That day off you gave me {ago}.	{ago}、休みをくれたでしょ。
I needed it.	あれが必要だったんだ。
You told me to push on {ago}.	{ago}、がんばれって言ってくれたよね。
I'm still tired.	まだ疲れてるけどね。
That party {ago}!	{ago}のパーティー、楽しかったね！
My feet still ache.	まだ足が痛いよ。
You asked me to stay {ago}.	{ago}、ここに残ってって言ってくれたよね。
You helped {b} and me talk {{ago}}.	{{ago}}、{b}と私が話せるように手を貸してくれたよね。
We're all right now.	今はもう大丈夫だよ。
You kept what I told you {ago} to yourself.	{ago}話したこと、誰にも言わないでいてくれたね。
Thank you.	ありがとう。
I've been thinking about what you said {ago}.	{ago}言われたこと、ずっと考えてたんだ。
Maybe I will share it.	話してみようかな。
Do you still have {}?	{}、まだ持ってる？
You said sorry {ago}.	{ago}、謝ってくれたよね。
That took something.	勇気がいったと思う。
The {thing} you built by {place} {{ago}}.	{{ago}}、{place}のそばに建ててくれた{thing}。
I use it most days.	ほとんど毎日使ってるよ。
The {thing} you put up at {place} {{ago}} cheered everyone.	{{ago}}、{place}に飾ってくれた{thing}のおかげで、みんな元気が出たよ。
What you planted by {place} {{ago}} is coming along.	{{ago}}、{place}のそばに植えてくれたもの、ちゃんと育ってるよ。
Thank you again for the present {ago}.	{ago}の贈り物、あらためてありがとう。
I enjoyed our evening out {ago}.	{ago}の夜のお出かけ、楽しかったな。
I haven't forgotten what you said {ago}.	{ago}言ってくれたこと、忘れてないよ。
Thank you again for {} {ago}.	{ago}の{}、あらためてありがとう。
What you said {ago} helped.	{ago}言ってくれたこと、助けになったよ。
I enjoyed {} {ago}.	{ago}の{}、楽しかった。
I did talk to {x}, like you said.	言われたとおり、{x}と話したよ。
I tried with {x}, like you said {ago}.	{ago}言われたとおり、{x}と話そうとしてみたんだ。
It's slow going.	なかなか進まないけどね。
You asked after {x} {ago}.	{ago}、{x}のこと気にかけてくれてたよね。
What you said {ago} was kind.	{ago}の言葉、やさしかったな。
It stayed with me.	ずっと心に残ってる。
Hurt by what you said	あなたの言葉に傷ついている
Thinks the world of you	あなたをとても大切に思っている
Likes you	あなたに好意を持っている
Getting to know you	あなたを知りはじめたところ
Wary of you	あなたを警戒している
Doesn't trust you	あなたを信用していない
We made it up {when}.	{when}、仲直りしたんだ。
We fell out {when}.	{when}、けんかしちゃってね。
We've grown close lately.	最近、仲良くなったんだ。
We've drifted, though.	でも、なんとなく疎遠になっちゃった。
Angry?	怒ってるかって？
Not any more.	もう怒ってないよ。
{x} and I made it up {ago}.	{ago}、{x}とは仲直りしたよ。
Angry at {x}?	{x}に怒ってるかって？
No, we're fine.	ううん、うまくやってるよ。
Me and {x}?	私と{x}？
There's nothing wrong there.	べつに何も問題ないよ。
We fell out {ago}.	{ago}、けんかしちゃってね。
{x} and I fell out {ago}.	{ago}、{x}とけんかしちゃってね。
I'd rather not go over it.	あんまり蒸し返したくないな。
We just drifted, {x} and I.	{x}とはなんとなく離れちゃっただけ。
It happens.	よくあることだよ。
{x} knows what they did.	{x}は自分が何をしたかわかってるはず。
It's between me and {x}.	それは私と{x}の問題だから。
Ask {x}.	{x}に聞いて。
I've said all I'm going to.	言いたいことはもう全部言ったよ。
{}'s my closest.	いちばん仲がいいのは{}かな。
{} and I don't get on.	{}とは馬が合わないんだ。
{b}, without a doubt.	{b}だね、間違いなく。
I'd trust {b} with anything.	{b}になら何だって任せられる。
Not many, if I'm honest.	正直、そんなに多くはないよ。
And {} I could do without.	それに、{}とはできれば関わりたくないな。
I get on with most people.	たいていの人とはうまくやってるよ。
Nobody close, though.	でも、親しい人はいないんだ。
a talker	おしゃべり
careful with money	お金に堅実
a dreamer	夢見がち
{}, people say.	{}だって言われるよ。
{} and {second}, people say.	{}で{second}だって言われるよ。
There's {p}.	{p}がいるよ。
That's family enough for me.	私にはそれで十分家族だよ。
{p} and me.	{p}と私。
I wouldn't change it.	これで満足してるよ。
There's {}.	{}がいるよ。
We're having a hard time.	今、ちょっと大変なんだ。
No one of my own.	自分の家族はいないんだ。
{s} is family enough.	{s}のみんなが家族みたいなものだよ。
Just me.	ひとりだよ。
Everyone in {s} looks out for each other, though.	でも、{s}ではみんなが助け合ってるからね。
You, a bit, after what you said.	少しはあなたのことかな。あんなこと言われたし。
Money.	お金。
There's never enough of it.	いつだって足りないんだ。
I'm just so tired.	とにかく疲れてて。
I can't seem to catch up.	どうにも追いつかないんだ。
Being on my own so much.	ひとりでいることが多くてね。
The evenings are long.	夜が長いんだ。
Having nothing to do with myself.	やることが何もなくてね。
It gnaws at me.	じわじわこたえるよ。
Only {}.	{}くらいかな。
The rest I can manage.	ほかはなんとかなるよ。
Not much, honestly.	正直、たいしたことはないよ。
I'm alright.	元気だよ。
Not bad.	悪くないよ。
Oh, you know.	まあ、いろいろね。
Busy enough.	ほどほどに忙しいよ。
The usual.	いつもどおり。
Quiet.	静かだよ。
Nothing much to tell, this {}.	この{}は、特に話すこともないな。
{sky} I like it, though.	{sky}でも、嫌いじゃないよ。
{sky} As if it could be anything else here.	{sky}ここじゃ、それ以外になりようがないけどね。
I might go, if it's not too crowded.	あんまり混んでなければ行くかも。
I wouldn't miss it!	絶対行くよ！
I suppose I'll show my face.	顔くらいは出そうかな。
I'll be there.	行くよ。
Nothing for a while.	しばらくは何もないね。
Just the usual.	いつもどおりだよ。
I'll take it.	ありがたくいただくよ。
It doesn't change anything.	それで何かが変わるわけじゃないけど。
For me?	私に？
You shouldn't have.	そんな、気をつかわなくていいのに。
But I'm glad you did.	でも、うれしいよ。
What's this for? ...Thank you.	これ、何のために？……ありがとう。
You spent money on me?	私のためにお金を使ったの？
You shouldn't have!	そんな、よかったのに！
Oh, that's lovely.	わあ、すてき。
With who?	誰と？
Alright.	いいよ。
Yes, I'd like that.	うん、ぜひ。
Yes!	うん！
Anything to get out.	外に出られるなら何でもいいよ。
Go on, then.	じゃあ、行こうか。
If you're buying.	おごってくれるならね。
Fine.	わかったよ。
Just the one.	一杯だけね。
I'd love that.	ぜひ行きたい。
Why not?	いいね。
Another time.	また今度ね。
I'm dead on my feet.	もうくたくたなんだ。
I'd rather not.	やめておくよ。
Mm.	うん。
Anyway!	それはそうと！
Where was I?	何の話だっけ？
So there we are.	まあ、そういうこと。
Mm-hm.	うんうん。
Right.	なるほど。
You?	あなたは？
You're one of us now.	あなたはもう私たちの仲間だよ。
I like you.	あなたのこと、好きだよ。
You've done right by us.	あなたは私たちによくしてくれた。
You're alright.	あなたはいい人だね。
I'm still getting to know you.	まだあなたのことを知ってる途中かな。
Not after what you said.	あんなこと言われたあとじゃね。
Honestly?	正直に言っていい？
You've let me down.	がっかりしたよ。
I don't trust you.	あなたのことは信用できない。
Who do you mean?	誰のこと？
{}?	{}？
I don't really know them yet.	まだよく知らないんだ。
And {coming}!	それに{coming}！
Nothing much.	たいしたことはないよ。
It's been a quiet {} or two in {}.{coming}	ここ何{}か、{}は静かだったよ。{coming}
Have you heard?	聞いた？
News?	何か知らせ？
Well.	さてと。
You won't believe it.	信じられないよ。
Same as ever.	相変わらずだよ。
Words are cheap.	口では何とでも言えるよ。
That's kind of you.	やさしいね。
I know.	知ってる。
But thank you.	でも、ありがとう。
Flattery won't get you far.	おだてても何も出ないよ。
But thanks.	でも、ありがとう。
Oh, you're a sweetheart.	まあ、やさしいんだから。
Do you think so?	そう思う？
That's lovely.	うれしいな。
Thank you!	ありがとう！
That's nice to hear.	そう言ってもらえるとうれしいよ。
Don't make a habit of it.	くせにしないでよね。
Any time, you know that.	いつでも言って。わかってるでしょ。
Any time.	いつでもどうぞ。
Don't mention it.	気にしないで。
It's nothing.	たいしたことじゃないよ。
It's the money, mostly.	たいていはお金のことなんだ。
It'll come right.	なんとかなるよ。
Thanks.	ありがとう。
I just need a proper night's sleep.	ひと晩ぐっすり眠れればいいんだけど。
That means a lot.	その言葉、すごくうれしい。
It helps, having someone to talk to.	話せる相手がいると助かるよ。
I'll find something to do with myself.	何かやることを見つけるよ。
I'm alright, really.	本当に、大丈夫だから。
Apology accepted.	謝ってくれたなら、いいよ。
Let's forget it.	もう忘れよう。
What for?	何のこと？
You've done nothing wrong.	何も悪いことしてないじゃない。
Leave me alone.	ほっといて。
Charming.	ずいぶんなご挨拶だね。
Same to you.	そっちこそ。
I won't dignify that.	相手にする気もないよ。
That's unkind.	ひどいことを言うね。
I thought better of you.	あなたはそんな人じゃないと思ってた。
There's no need for that.	そこまで言わなくてもいいでしょ。
{x} and I are fine, honestly.	{x}とはうまくやってるよ、本当に。
Mind your own business.	余計なお世話だよ。
I said I'd talk to {x}.	{x}と話すって言ったでしょ。
Give it time.	少し時間をちょうだい。
Maybe you're right.	そうかもしれないね。
I'll talk to {x}.	{x}と話してみるよ。
Make up with who?	誰と仲直りしろって？
Bye.	じゃあね。
See you.	またね。
Take care.	気をつけてね。
Bye now.	それじゃ。
{} Ask me how I am, about my day, or about someone here.	{}私の調子や今日のこと、ここの誰かのことを聞いてみて。
Sorry, I didn't follow.	ごめん、よくわからなかった。
Hm?	うん？
Say that another way?	別の言い方で言ってくれる？
I'm not sure what you mean.	どういう意味かよくわからないな。
say it to whom?	誰に言うの？
about whom?	誰のこと？
You talked with {}	{}と話した
Build	建てる
Decorate	飾る
Plant	植える
Move	動かす
Give	贈る
Invite	誘う
Bench	ベンチ
the harbour fund	港の基金
That's enough for today	今日はもう十分です
There isn't {cost} in {}	{}には{cost}がありません
There's no more room	もう場所がありません
You built a {} by {at_name}	{at_name}のそばに{}を建てた
You put up {} at {at_name}	{at_name}に{}を飾った
You planted {} by {at_name}	{at_name}のそばに{}を植えた
move what?	何を動かす？
only what you made can be moved	動かせるのは自分で作ったものだけです
You moved the {} to {at_name}	{}を{at_name}に移した
You gave {at_name} a present	{at_name}に贈り物をした
You invited {at_name} to {}	{at_name}を{}に誘った
Hands	手
the ground	地面
The {} by {at} became {}	{at}のそばの{}が{}になった
Take back the bench	ベンチを片づける
Take back the {}	{}を片づける
You took the {thing_name} down again	{thing_name}をまた片づけた
You put the {thing_name} back where it was	{thing_name}を元の場所に戻した
a basket of what the garden grew	庭でとれたもののかご
a jar of honey from the flowers	花から採れたはちみつの瓶
a bunch of fresh herbs	摘みたてのハーブの束
the first fruit of the season	その季節の初物の果物
who used what?	誰が何を使った？
Someone	誰か
a friend	友だち
{first} rested on the {what} by {place}	{first}は{place}のそばの{what}でひと休みした
Just what my legs needed.	足がちょうど休みたがってたんだ。
Best seat in the place, this.	ここ、この辺でいちばんの特等席だね。
I could sit here all day.	一日じゅう座っていられそう。
{first} and {other} talked under the {what} till late	{first}と{other}は{what}の下で遅くまで話しこんだ
{first} sat a while by the {what} after dark	{first}は日が暮れてから、しばらく{what}のそばに座っていた
It's nice here of an evening.	ここは夕方がいいんだよね。
We lost track of time.	時間を忘れちゃった。
The light makes you want to stay.	この明かりを見ると、ついいたくなるんだ。
{first} brought you {gift} from the {what} you planted	{first}は、あなたが植えた{what}から{gift}を持ってきてくれた
From your {what}.	あなたの{what}からだよ。
Seemed only fair.	おすそわけしなきゃと思って。
You built a bench by the quay	波止場のそばにベンチを建てた
{name} had a drink with {other} at {place}	{name}は{place}で{other}と一杯やった
the ferry	連絡船
the supply shuttle	補給シャトル
the mooring fees	係留料
walk out to the	歩いていく先は
already living here	もうここに住んでいる
Lives	暮らし
{} sends their love.	{}がよろしくって。
Home to {} now.	そろそろ{}の待つ家に帰るよ。
Still not speaking to {}.	{}とはまだ口をきいてないんだ。
Kept well clear of {}.	{}のことはずっと避けてる。
{} is a gem.	{}は本当にいい人だよ。
Seeing {} later.	あとで{}に会うんだ。
I could sleep for a week.	一週間くらい眠れそう。
Things are tight, mind.	でも、ちょっと懐がさびしくてね。
Quiet without anyone to talk to.	話し相手がいないと静かだね。
, and they had words	、そして言い争いになった
{other_name} and I had words over {topic}.	{other_name}と{topic}のことで言い争いになってね。
Don't mention {topic} to {other_name}.	{other_name}の前で{topic}の話はしないで。
Just don't.	とにかくやめて。
{other_name} and I fell out over {topic}.	{other_name}とは{topic}のことでけんかしちゃった。
It'll blow over.	そのうちおさまるよ。
Me and {other_name}, shouting about {topic}.	{other_name}と{topic}のことで怒鳴り合っちゃって。
Silly.	ばかみたいでしょ。
nothing has changed	何も変わっていない
{an} and {bn} made it up, and more	{an}と{bn}は仲直りして、それ以上の仲になった
{bn} and I are thick as thieves now.	今じゃ{bn}とは大の仲良しなんだ。
Who'd have thought?	誰が想像した？
Funny how things turn out.	人生ってわからないものだね。
{bn}'s my best friend now.	今は{bn}が親友なんだ。
Me and {bn}?	私と{bn}？
Old news.	今さらの話だよ。
We're friends.	友だちだよ。
{an} and {bn} became firm friends	{an}と{bn}は固い友情で結ばれた
{bn}'s a proper friend.	{bn}は本当の友だちだよ。
Friends for life.	一生の友だち。
{bn} gets me.	{bn}はわかってくれるんだ。
Rare, that.	そういう人はなかなかいないよ。
Glad I've got {bn}.	{bn}がいてくれてよかった。
{an} and {bn} fell out	{an}と{bn}は仲たがいした
I'm done with {bn}.	{bn}とはもう終わり。
Don't talk to me about {bn}.	{bn}の話はしないで。
{bn} knows what they did.	{bn}は自分が何をしたかわかってるはず。
{bn} and I are finished.	{bn}とはもうおしまいだよ。
{an} and {bn} made it up	{an}と{bn}は仲直りした
{bn} and I are all right again.	{bn}とはまた元どおりだよ。
Made it up with {bn}.	{bn}と仲直りしたんだ。
Life's too short.	人生は短いからね。
{bn} said sorry.	{bn}が謝ってくれたんだ。
So did I.	私も謝ったよ。
{an} and {bn} drifted apart	{an}と{bn}は疎遠になった
I hardly see {bn} these days.	最近は{bn}とほとんど会わないんだ。
{bn} and I used to be close.	{bn}とは昔は仲が良かったんだけど。
Must look {bn} up sometime.	そのうち{bn}に会いに行かなきゃ。
nothing worth telling	話すほどのことは何もない
nothing much	たいしたことはない
take a walk	散歩する
A stranger	見知らぬ人
far away	遠いところ
a note under the door	ドアの下に差しこまれたメモ
a sketch of the {gathering}	{gathering}のスケッチ
a jar of something homemade	手作りの何かが入った瓶
a photograph from while you were gone	あなたがいない間に撮った写真
a pressed flower in an envelope	封筒に入った押し花
a postcard with a few lines on it	数行書かれた絵はがき
Oh well.	まあ、いいか。
Never mind.	気にしないで。
It'll come round.	そのうちなんとかなるよ。
I looked for you, that's all.	あなたを探してただけなんだ。
Maybe next time.	また今度ね。
It was only a small thing.	ほんのささいなことだったから。
Went on my own.	ひとりで行ってきたよ。
It was fine.	楽しかったよ。
You were busy.	忙しかったんだよね。
I understand.	わかってるよ。
Some other day, then.	じゃあ、また別の日に。
a hand-drawn map of the {settlement}	手描きの{settlement}の地図
a smooth stone from by the {gathering}	{gathering}のそばで拾ったすべすべの石
a little welcome card, signed by everyone	みんなの署名入りの、小さな歓迎カード
a paper star to hang up	吊るして飾る紙の星
Hello, you're new!	こんにちは、新しく来た人だね！
I'm {name}.	{name}だよ。
Build us something, if you like.	よかったら、何か建ててみて。
Oh, a new face!	あら、新しい顔だね！
Welcome to the {settlement}.	{settlement}へようこそ。
Welcome to the {settlement}!	{settlement}へようこそ！
Make yourself at home.	くつろいでいってね。
{b} and I aren't speaking.	{b}とは口をきいてないんだ。
It started over {topic}.	きっかけは{topic}のことだった。
I can't be in a room with {b}.	{b}と同じ部屋にいられない。
Not after {topic}.	{topic}のことがあってからはね。
About {topic}: {b} has it all wrong.	{topic}のことだけど、{b}はまるでわかってない。
{a} and {b} fell out over {topic}	{a}と{b}は{topic}のことで仲たがいした
Make peace	仲を取り持つ
Back {a}	{a}の肩を持つ
Stay out	口を出さない
Don't laugh.	笑わないでね。
I think I'm sweet on {b}.	{b}のこと、好きになっちゃったみたい。
Would it be mad to ask {b} to {outing}?	{b}を{outing}に誘ったら、変かな？
I keep finding reasons to be wherever {b} is.	気づくと、{b}がいるところに行く理由を探しちゃうんだ。
{a} confided they were sweet on {b}	{a}は{b}に想いを寄せていると打ち明けた
Go for it	思いきって行ってみて
Wait a bit	少し待ってみて
I'd love to learn what {b} does.	{b}のやってること、教わってみたいな。
Would you ask them?	頼んでみてくれない？
{b} makes it look easy.	{b}がやると簡単そうに見えるんだよね。
Could I learn from them?	教えてもらえないかな？
I feel stuck.	行き詰まってる感じがするんだ。
{b} could teach me a thing or two.	{b}ならいろいろ教えてくれそう。
{a} wanted to learn from {b}	{a}は{b}に教わりたがっていた
Arrange lessons	レッスンを手配する
Not now	今はやめておく
I'm short of {short_of} this {unit}.	この{unit}は{short_of}が足りなくて。
I hate asking.	頼むのは気が引けるんだけど。
Could I be tided over?	少しの間、助けてもらえないかな？
Just this once.	今回だけだから。
My {short_of} ran out before the {unit} did.	{unit}が終わる前に{short_of}が尽きちゃって。
{a} was short of {short_of}	{a}は{short_of}に困っていた
Use the fund	基金から出す
Ask {friend}	{friend}に頼む
They'll manage	自分たちでなんとかするはず
Haven't really talked to anyone in days.	ここ何日か、誰ともちゃんと話してないんだ。
Evenings are long on my own.	ひとりだと夜が長くて。
Would anyone notice if I wasn't here?	私がいなくなっても、誰か気づくかな？
{a} was lonely	{a}はさびしがっていた
Take them out	連れ出す
Give them space	そっとしておく
I'm running on nothing.	もう空っぽで動いてる感じ。
I can't remember my last day off.	最後の休み、いつだったか思い出せないよ。
If I sit down I'll fall asleep.	座ったら寝ちゃいそう。
{a} was worn out	{a}は疲れきっていた
A day off	休みをあげる
Push on	もうひとふんばり
{b} and I want to celebrate.	{b}とお祝いしたいんだ。
Everyone's invited?	みんな呼んでいい？
We'd like a do.	ちょっとした集まりを開きたくて。
{b} insists on dancing.	{b}がどうしても踊りたいって。
{a} and {b} wanted to celebrate	{a}と{b}はお祝いをしたがっていた
Throw a party	パーティーを開く
Keep it small	こぢんまりと
{b}, a {trade} from {origin}, wants a room.	{origin}から来た{trade}の{b}が、部屋を探してる。
A {trade} called {b} came in on {way_out}.	{trade}の{b}って人が、{way_out}でやって来たよ。
{b}, a {trade} from {origin}, asked to stay	{origin}から来た{trade}の{b}が、住まわせてほしいと頼んだ
Not this time	今回は見送る
Offer a room	部屋を用意する
I've been thinking of leaving.	ここを出ようかと考えてるんだ。
There's nothing keeping me here, is there?	ここに引きとめるものなんて、何もないでしょ？
I've been looking at the timetable for {way_out}.	{way_out}の時刻表を眺めてたんだ。
{a} was thinking of leaving	{a}はここを出ようかと考えていた
Please stay	残ってほしい
Wish them well	門出を祝う
{b} and I keep quarrelling.	{b}とけんかばかりしちゃうんだ。
Things aren't right with {b}.	{b}とうまくいってなくて。
{a} and {b} hit a rough patch	{a}と{b}はぎくしゃくしていた
Help them talk	話し合いを手伝う
Time apart	少し距離を置く
It's good to see you.	会えてうれしいよ。
{a} shared a quiet moment with you	{a}はあなたと静かなひとときを過ごした
Stay a while	しばらく一緒にいる
Wave and go on	手を振って先へ
Come with me somewhere?	ちょっと一緒に来てくれない？
{a} asked you along	{a}はあなたを誘った
Go along	ついていく
Another time	また今度
Can I tell you something?	ちょっと話してもいい？
I nearly didn't come to the {settlement} at all.	危うく{settlement}に来ないところだったんだ。
I've never said this to anyone here.	ここの誰にも言ったことないんだけど。
I write poems at night.	夜にこっそり詩を書いてるんだ。
Bad ones.	下手なやつをね。
Promise you won't laugh.	笑わないって約束して。
I'm scared I'm no good at what I do.	自分の仕事がちゃんとできてないんじゃないかって、怖いんだ。
I still keep a letter from someone I left behind.	置いてきた人からの手紙を、今も持ってるんだ。
I read it most {unit}s.	ほとんど毎{unit}読み返してる。
{a} told you something they'd never told anyone	{a}は誰にも話したことのない秘密を打ち明けてくれた
Keep it between you	ふたりだけの秘密にする
Tell them to share it	みんなに話してみたらと勧める
You've been good to me.	あなたにはよくしてもらったから。
Let me do something for you, for once.	たまには私に何かさせてよ。
I owe you.	借りがあるからね。
Name it.	何でも言って。
Anything you need, you only have to ask.	必要なことがあったら、遠慮なく言ってね。
I mean it.	本気だよ。
{a} offered you a favour	{a}はあなたのために何かしたいと申し出た
Put in a word with {friend}	{friend}に口添えしてもらう
Help someone who's struggling	困っている人を助けてもらう
Nothing, really	特に何も
I want you to have this: {keepsake}.	これ、あなたに持っていてほしいんだ。{keepsake}。
You'll know why.	理由はわかるよね。
Here.	はい、これ。
{keepsake}.	{keepsake}。
Don't argue, just keep it.	遠慮しないで、受け取って。
{a} gave you {keepsake}	{a}から{keepsake}をもらった
Keep it safe	大事にしまっておく
Put it where all can see	みんなに見えるところに飾る
I've nothing to say to you.	あなたに話すことなんてないよ。
Don't think I've forgotten.	忘れたなんて思わないでね。
{a} gave you the cold shoulder	{a}はあなたに冷たくした
Say you're sorry	謝る
Leave them be	そっとしておく
{a} and {b} talked it through	{a}と{b}はじっくり話し合った
We talked, {b} and me.	{b}と話したよ。
It's better.	前よりよくなった。
You took {a}'s side against {b}	{b}とのことで{a}の肩を持った
Someone sees it.	見てる人は見てるんだね。
{a} and {b} were left to sort it out	{a}と{b}のことは、ふたりに任された
I'll manage {b} myself.	{b}のことは自分でなんとかするよ。
{a} and {b} stopped speaking	{a}と{b}は口をきかなくなった
Not a word from {b} since.	あれから{b}からは一言もないよ。
{a} and {b} started walking out together	{a}と{b}はつきあいはじめた
{b} said yes!	{b}がいいって言ってくれた！
{b} turned {a} down, kindly	{b}は{a}をやさしく断った
{b} said no.	{b}に断られちゃった。
Kindly, but no.	やさしくだったけど、だめだって。
{a} kept it to themselves	{a}は気持ちを胸にしまっておいた
Maybe.	そのうちね。
I'll wait.	待つことにするよ。
For now.	今のところはね。
Best not rush it.	あせらないほうがいいよね。
Not yet, then.	じゃあ、まだやめておこう。
{b} began teaching {a}	{b}は{a}に教えはじめた
{b}'s a patient teacher.	{b}は根気強い先生だよ。
{a} was told not now	{a}は「今はだめ」と言われた
Another time, then.	じゃあ、また今度。
Maybe next month.	来月かな。
I'll ask again.	また頼んでみるよ。
Later.	あとでね。
Fair enough.	それもそうだね。
The {settlement} tided {a} over	{settlement}が{a}を助けて乗りきらせた
I'll pay it back, every bit.	全部ちゃんと返すからね。
no friend to ask	頼れる友だちがいない
{friend} helped {a} out	{friend}が{a}を助けた
{friend} came through for me.	{friend}が助けてくれたんだ。
{a} scraped by	{a}はなんとかやりくりした
I'll manage.	なんとかするよ。
I'll find a way.	どうにかするさ。
Tighten the belt, then.	じゃあ、節約だね。
Somehow.	なんとかね。
{} spent an evening at {} with {met_name}	{}は{met_name}と{}で夕べを過ごした
{met_name} and I got talking.	{met_name}と話しこんじゃって。
Lovely evening.	すてきな夜だったよ。
{a} spent an evening at {gathering}	{a}は{gathering}で夕べを過ごした
That did me good.	おかげで元気が出たよ。
{a} kept to themselves	{a}はひとりで過ごした
Maybe tomorrow.	明日かな。
I'm fine on my own.	ひとりでも平気だよ。
Mostly.	だいたいはね。
Quiet suits me.	静かなほうが性に合ってるんだ。
Another evening, perhaps.	また別の夜にでも。
{a} took a day off	{a}は一日休みをとった
Slept till noon.	お昼まで寝ちゃった。
Bliss.	最高だったよ。
A whole day off.	まる一日の休み。
I'd forgotten what that was.	そんなものがあるって忘れてたよ。
Rested.	ゆっくり休めた。
Human again.	生き返ったよ。
{a} pushed on	{a}はがんばり続けた
One more push, then.	じゃあ、もうひとふんばり。
Back to it.	さあ、仕事に戻ろう。
I'll keep going.	続けるよ。
{a} took the day anyway	{a}は結局一日休んだ
I needed that.	これが必要だったんだ。
Sorry.	ごめんね。
Had to stop.	休まずにはいられなくて。
Couldn't go on.	もう続けられなかったんだ。
Took the day.	一日休んじゃった。
Don't be cross.	怒らないでね。
The whole {settlement} came to {a} and {b}'s party at {gathering}	{gathering}で開かれた{a}と{b}のパーティーに、{settlement}じゅうの人が集まった
Best night in years!	ここ何年かでいちばんの夜だったよ！
{a} and {b} kept it small	{a}と{b}はこぢんまりとお祝いした
Just us two.	ふたりだけでね。
Perfect.	最高だったよ。
{b}, a {trade} from {origin}, stayed on, and nobody minded	{origin}から来た{trade}の{b}はそのまま住みつき、誰も気にしなかった
Looks like {b}'s staying.	{b}はここに残るみたいだね。
Fine by me.	私はかまわないよ。
{b}, a {trade} from {origin}, came to stay	{origin}から来た{trade}の{b}が住むことになった
Plenty of room here.	ここは場所ならいくらでもあるよ。
Welcome, {b}.	ようこそ、{b}。
{b} moved on with {way_out}	{b}は{way_out}で去っていった
Maybe another time.	また今度かな。
{a} was asked to stay, and did	{a}は引きとめられ、残ることにした
All right.	わかったよ。
I'll stay.	残ることにする。
{a} left the {settlement}	{a}は{settlement}を去った
I'll write.	手紙を書くよ。
I promise.	約束する。
{a} and {b} talked it out	{a}と{b}は話し合って解決した
We're all right, {b} and me.	{b}とはもう大丈夫だよ。
{a} and {b} went their separate ways	{a}と{b}はそれぞれの道を行くことにした
It's for the best.	これでよかったんだ。
I think.	たぶんね。
That was nice.	楽しかったね。
{a} waved you on your way	{a}は手を振って見送ってくれた
See you, then.	じゃあ、またね。
{a} looked for you	{a}はあなたを探していた
{a} took you somewhere of theirs	{a}はお気に入りの場所に連れていってくれた
I'm glad you came.	来てくれてうれしいよ。
{a} asked you along, another time	{a}はまた別の機会にと、あなたを誘った
{a} went on their own	{a}はひとりで出かけた
That's a weight off.	肩の荷が下りたよ。
{a} told you a secret, and you told them to share it	{a}は秘密を打ち明け、あなたはみんなに話してみたらと勧めた
Maybe I will.	話してみようかな。
{a} almost told you something	{a}は何か言いかけてやめた
It was nothing.	なんでもないよ。
{a} put in a good word for you with {friend}	{a}は{friend}にあなたのことをよく言ってくれた
I told {friend} what you're like.	あなたがどんな人か、{friend}に話しておいたよ。
They'll see.	そのうちわかるさ。
{a} helped {helped} out, as a favour to you	{a}はあなたへの恩返しに{helped}を助けた
Consider it done.	任せといて。
{a} offered you a favour, and you asked for nothing	{a}が何かしたいと申し出たが、あなたは何も求めなかった
Then I owe you twice.	じゃあ、借りがふたつになったね。
{a}'s offer went unanswered	{a}の申し出は返事のないままになった
It suits you, having it.	あなたが持ってると似合うよ。
{a} gave you {keepsake}, and you put it where all can see	{a}から{keepsake}をもらい、みんなに見えるところに飾った
Everyone's asking about it!	みんなそれのこと聞いてくるよ！
{a} meant to give you something	{a}はあなたに何か渡すつもりだった
I'll find another moment.	また別の機会にするよ。
You made your peace with {a}	{a}と和解した
...Fine.	……わかったよ。
{a} kept their distance from you	{a}はあなたと距離を置いた
Suits me.	それでいいよ。
A {thing}!	{thing}だ！
Just what {place} needed.	{place}にちょうど必要だったものだね。
You built that?	あれ、あなたが建てたの？
Well, look at it.	いやあ、見てよ。
A {thing} by {place}.	{place}のそばに{thing}。
I'll be using that.	使わせてもらうよ。
{thing} up at {place}!	{place}に{thing}が！
Cheers the place right up.	一気に明るくなったね。
Oh, that's pretty.	わあ、きれい。
Was that you?	あなたがやったの？
You planted that?	あれ、あなたが植えたの？
I'll keep an eye on it.	気にかけておくね。
Something growing by {place}.	{place}のそばで何か育ってる。
About time.	待ってたよ。
Better there, I think.	そこのほうがいいと思うな。
Oh, you've moved it.	あれ、動かしたんだね。
It suits there.	そこ、似合ってるよ。
{} shared a quiet moment with you	{}はあなたと静かなひとときを過ごした
{} came over to say hello	{}があいさつに来てくれた
For your first day in the {}.	{}での最初の一日に。
Welcome.	ようこそ。
Missed you round here.	いなくてさびしかったよ。
I kept this for you while you were away.	留守の間、これを取っておいたんだ。
{why}	{why}
{} gave you {what} to welcome you	{}から歓迎のしるしに{what}をもらった
{} left you {what}	{}が{what}を置いていってくれた
first deed	最初の行い
Given for your first work here	ここでの最初の仕事のお礼に
Left for you while you were away	留守の間に置いていってくれた
From {}, once you are close	{}から、親しくなったしるしに
Things with {p} aren't good.	{p}とはうまくいってないんだ。
Not great.	あんまりよくないね。
{p} and I keep getting it wrong.	{p}とはすれ違ってばかりで。
Could be better.	もうちょっとよくてもいいかな。
It's {p}, mostly.	たいていは{p}のことでね。
Happy.	幸せだよ。
{p} and I are good.	{p}とはうまくいってるよ。
Really well.	すごくいいよ。
{p} makes it easy.	{p}のおかげで楽しくやってる。
Good, thanks.	いいよ、ありがとう。
Home with {p} is a nice thing.	{p}と暮らす家っていいものだよ。
Fine, as long as {f} keeps out of my way.	{f}が邪魔してこなければ、元気だよ。
I'd be better if {f} left me be.	{f}がほっといてくれたら、もっといいんだけど。
I'm managing.	なんとかやってるよ。
Avoiding {f}, mostly.	たいていは{f}を避けてる。
Worried.	心配ごとがあってね。
Things are tight.	ちょっと苦しいんだ。
Counting every coin, if I'm honest.	正直、一枚一枚硬貨を数えてるよ。
Money's tight.	お金がきつくてね。
It keeps me up.	眠れなくなるんだ。
Exhausted.	へとへとだよ。
Worn out.	くたくた。
I could sleep a week.	一週間くらい眠れそう。
Tired to the bone.	骨の髄まで疲れてる。
A bit lonely, if I'm honest.	正直、ちょっとさびしいな。
Too quiet, some days.	静かすぎる日もあってね。
I could do with some company.	誰かといたい気分なんだ。
Restless.	落ち着かなくて。
I need something to get my teeth into.	何か打ちこめるものがほしいんだ。
Bored stiff.	退屈でたまらないよ。
I need something to do.	何かやることがほしい。
The days are long.	一日が長くてね。
Good.	いいよ。
{f} keeps me going.	{f}のおかげでがんばれてる。
Not bad at all.	全然悪くないよ。
{f}'s been good company.	{f}がいい話し相手でね。
Well, thanks.	元気だよ、ありがとう。
Can't complain with {f} around.	{f}がいれば文句なしだよ。
Getting by.	なんとかやってるよ。
Getting on with things.	ぼちぼちやってるよ。
{other_name}?	{other_name}？
I'd be lost without them.	いなかったら途方に暮れちゃうよ。
{other_name}'s one of the best.	{other_name}は本当にいい人だよ。
I like {other_name}.	{other_name}のこと、好きだよ。
We get on.	仲はいいよ。
{other_name} and I don't see eye to eye.	{other_name}とは意見が合わなくて。
Don't talk to me about {other_name}.	{other_name}の話はしないで。
Aye.	そうだとも。
Honestly.	本当に。
Mind.	いいかい。
, love.	ね。
I saved you the good seat.	いい席、取っておいたよ。
Sit a minute?	ちょっと座っていく？
There.	ほら。
Isn't this nice?	いいでしょ？
The seat's yours.	この席はあなたのだよ。
I worry I care too much about everyone here.	ここのみんなのこと、気にかけすぎなんじゃないかって思うんだ。
Is that silly?	ばかみたいかな？
I needed to hear that.	その言葉が聞きたかったんだ。
You're right.	そのとおりだね。
I'll try to mind myself too.	自分のことも大事にしてみるよ。
Come and eat with us tonight.	今夜、うちでご飯食べていきなよ。
Nothing fancy, just warm.	たいしたものじゃないけど、温かいよ。
Bring your appetite!	おなかすかせてきてね！
The door's open whenever.	いつでも来てね。
You look after everyone.	あなたはみんなの面倒を見てる。
Let me look after you for once.	たまには私に面倒を見させてよ。
Leave it with me.	私に任せて。
Then I'll just keep an eye on you.	じゃあ、見守っておくことにするよ。
I knitted you something.	あなたに編んだものがあるんだ。
Don't laugh: {keepsake}.	笑わないでね。{keepsake}。
It suits you.	似合ってるよ。
I knew it would.	似合うと思ったんだ。
Wherever it goes, it's yours.	どこに置いても、あなたのものだよ。
a lumpy scarf in the {settlement}'s colours	{settlement}の色で編んだ、ちょっとでこぼこのマフラー
You're still here, then.	まだいたんだ。
Stand there if you like.	そこに立ってたければどうぞ。
You're not so bad.	あんた、悪くないね。
Suit yourself.	好きにしな。
Don't make a thing of it.	大げさにしないでよ。
I'm not as hard as I let on.	見かけほど冷たくはないんだ。
Not a word to anyone.	誰にも言うなよ。
Maybe I'll let it show.	少しは表に出してもいいかな。
Once.	一度くらいはね。
I'm going out to the far end.	いちばん奥まで行ってくる。
You can come.	来てもいいよ。
If you want.	来たければね。
Keep up, then.	じゃあ、遅れないで。
Wasn't bothered anyway.	別にどうでもよかったし。
I don't do favours.	人に借りは作らない主義なんだ。
But for you, I'd make an exception.	でも、あんたなら特別にいいよ。
Don't get used to it.	慣れないでよね。
Your loss.	もったいないね。
Offer stands.	申し出はそのままにしとくよ。
Take this before I change my mind: {keepsake}.	気が変わらないうちに受け取って。{keepsake}。
Don't go soft on me.	甘くしないでよ。
Put it where you like.	好きなところに置きな。
I don't care.	気にしないから。
a battered old pocketknife	使いこまれた古いポケットナイフ
You noticed my work, didn't you?	私の仕事に気づいてくれたんだね。
Not many do.	気づく人はあんまりいないんだ。
No matter.	まあ、いいさ。
It's good work either way.	どっちにしても、いい仕事だからね。
I've never once asked anyone for help.	人に助けを求めたことなんて、一度もないんだ。
I'm not sure I know how.	どうやればいいのかもわからない。
That means a lot, coming from you.	あんたに言われると、うれしいよ。
Maybe I'll try.	やってみようかな。
Come and see what I've been making.	何を作ってるか見においでよ。
I don't show just anyone.	誰にでも見せるわけじゃないんだ。
Well?	で、どう？
Say something.	何か言ってよ。
Another day.	また別の日に。
It'll keep.	急がないよ。
I don't like owing.	借りを作るのは嫌いなんだ。
Tell me what I can do for you.	何をしてほしいか言って。
Done, and gladly.	任せて。喜んで。
Then I'll owe you.	じゃあ、貸しにしておいて。
I don't like it.	気に入らないな。
This is the best thing I ever made: {keepsake}.	今まで作った中でいちばんの出来なんだ。{keepsake}。
It's yours.	あんたにあげる。
Look after it.	大事にしてよね。
Show it off, then.	じゃあ、見せびらかしてよ。
I'd be proud.	それなら誇らしいな。
a little carved bird, rough but proud	粗削りだけど胸を張った、小さな木彫りの鳥
I didn't think you'd stop for me.	立ち止まってくれるなんて思わなかった。
I'm glad you did.	うれしいよ。
That's all right.	いいんだよ。
Hello, anyway.	とにかく、こんにちは。
I'm frightened of the {gathering} when it's full.	人でいっぱいの{gathering}が怖いんだ。
You won't tell?	誰にも言わない？
Maybe I could try.	やってみようかな。
With you there.	あなたがいてくれるなら。
There's a quiet spot I go to.	よく行く静かな場所があるんだ。
Would you... want to see it?	その……見てみたい？
It's nicer with two.	ふたりのほうが楽しいから。
No, that's fine.	ううん、いいんだ。
I'm no good at much, but I'm good at listening.	たいしたことはできないけど、話を聞くのは得意なんだ。
If you need that.	もし必要なら。
Really.	本当に。
The offer's there.	いつでも言ってね。
I made this for you.	あなたのために作ったんだ。
It's small: {keepsake}.	ちっちゃいけど。{keepsake}。
You like it?	気に入った？
Really?	本当に？
Everyone will see it.	みんなに見られちゃうね。
a tiny painted stone with your initial on it	あなたの頭文字を描いた、小さな石
Everyone's been asking about you.	みんなあなたのこと聞いてくるよ。
Stay, tell me everything!	ほら、座って、全部聞かせて！
Off you go, then.	じゃあ、いってらっしゃい。
Don't be a stranger!	また顔見せてね！
Between us?	ここだけの話だよ？
I talk so much because the quiet scares me.	静かなのが怖くて、ついしゃべりすぎちゃうんだ。
You're a good one, you know.	あなたっていい人だよね。
Maybe I'll say it out loud one day.	いつか声に出して言えるかな。
We're all going out tonight.	今夜はみんなで出かけるんだ。
You're coming, no arguments.	あなたも来るの。文句はなしね。
It'll be a night to remember!	忘れられない夜になるよ！
Next time, then.	じゃあ、次は来てね。
I'm holding you to it.	約束だからね。
I know everyone here.	ここの人ならみんな知ってるよ。
Anyone you want to meet, just say.	会いたい人がいたら言って。
Well, the offer's always open.	まあ、いつでも声かけてよ。
Something to remember us all by: {keepsake}.	みんなを思い出せるように。{keepsake}。
Every face in it loves you.	写ってる顔はみんな、あなたのことが大好きなんだよ。
Hang it up where people will see!	みんなが見るところに飾ってね！
a photo of everyone at the {gathering}, you in the middle	{gathering}でのみんなの写真。真ん中にあなた
Can't sit still today.	今日はじっとしていられないんだ。
Walk with me?	一緒に歩かない？
That's better.	いい感じ。
Much better.	ずっといいよ。
I'll be off anyway.	とにかく出かけてくるよ。
Some nights I pack a bag.	夜、荷物をまとめることがあるんだ。
I never go.	でも出ていったことはない。
I don't know why I pack it.	なんでまとめてるのか自分でもわからないよ。
Thanks for not laughing.	笑わないでくれてありがとう。
Maybe I should unpack.	荷ほどきしたほうがいいのかもね。
I'm going up the hill at dawn to watch the light.	夜明けに丘に登って、光を見るんだ。
Come?	一緒に来る？
Worth getting up for, eh?	早起きする価値あるでしょ？
Sleep in, then.	じゃあ、ゆっくり寝てて。
I'll tell you about it.	どんなだったか話してあげる。
I'm quick and I'm handy.	すばしっこくて器用なのが取り柄なんだ。
Anything needs doing, I'm yours.	やることがあったら、何でも言って。
Consider it done already.	もう片づいたも同然だよ。
Well, if you think of something.	じゃあ、何か思いついたらね。
I've carried this everywhere I've been: {keepsake}.	どこへ行くにも持ち歩いてたんだ。{keepsake}。
Now it stays with you.	これからはあなたのところにいる。
It's home now.	ここがこれの家だよ。
Like me.	私と同じでね。
Show it.	見せてあげて。
Let it see the world a bit.	少しは世の中を見せてやってよ。
a compass that never quite points north	いつも北を少しだけ外れる方位磁針
Morning.	おはよう。
Good to see you too.	こちらこそ、会えてうれしいよ。
Mind how you go.	気をつけて行きなよ。
I've been doing the same thing every day for twenty years.	二十年、毎日同じことをしてきたんだ。
Sometimes I wonder why.	ときどき、なんでだろうって思う。
Thanks for listening.	聞いてくれてありがとう。
Maybe it's time for something new.	何か新しいことを始める時かもな。
I walk the shore every evening.	毎晩、浜辺を歩いてるんだ。
You'd be welcome.	来てくれたら歓迎するよ。
Nice and quiet.	静かでいいところだよ。
Another evening, then.	じゃあ、また別の晩に。
If something needs mending, I'm the one.	直すものがあれば、任せてくれ。
Just ask.	言ってくれればいい。
It'll be sound when I'm done.	仕上げたらびくともしないよ。
Right you are.	了解。
Had this a long time.	ずいぶん長く持ってたものなんだ。
Seems right you should have it: {keepsake}.	あんたが持つのがふさわしい気がしてね。{keepsake}。
Keep it safe.	大事にしてくれ。
Put it where it can be seen, then.	じゃあ、見えるところに置いてやってくれ。
an old tide clock that still keeps time	今でも正確な、古い潮時計
I brought you something to eat.	食べるもの持ってきたよ。
You look like you need it.	おなかすいてそうな顔してるから。
Eat up, there's more.	たくさん食べて。まだあるからね。
Take it for later, then.	じゃあ、あとで食べて。
I give things away so nobody notices I've nothing much myself.	人にあげてばかりいるのは、自分が何も持ってないのを気づかれないためなんだ。
Thank you for seeing it.	気づいてくれてありがとう。
Maybe I'll keep a little back.	少しは自分のために取っておこうかな。
For me.	自分のためにね。
I'm cooking for the whole {settlement} on Sunday.	日曜日に{settlement}のみんなの分の料理を作るんだ。
Help me?	手伝ってくれる？
Many hands!	人手は多いほどいいからね！
Come and eat, at least.	せめて食べに来てよ。
Whatever you need.	必要なことがあったら何でも。
Honestly, whatever it is.	本当に、何でもいいから。
Done, and no need to thank me.	任せて。お礼なんていらないよ。
It's there when you want it.	いつでも声をかけてね。
I want you to have this.	これ、あなたに持っていてほしいんだ。
It meant a lot to me: {keepsake}.	私にとって大切なものだったの。{keepsake}。
It's in good hands.	あなたなら安心だよ。
Share it round.	みんなに回してあげて。
That's what it's for.	そのためのものだから。
a battered family recipe book	使いこまれた家族のレシピ帳
I found a coin on the path and thought of you.	道で硬貨を拾って、あなたのことを思い出したんだ。
Don't ask why.	理由は聞かないで。
Keep it.	取っておいて。
For luck.	お守りにね。
I'll keep it, then.	じゃあ、私が持っておくよ。
I count every penny because once there weren't any.	一円だって大事にするのは、何もなかった頃があったからなんだ。
I don't talk about it.	その話はしないことにしてるんだ。
That's between us.	ふたりだけの話ね。
Maybe I could loosen up.	少しは肩の力を抜いてみようかな。
A little.	ちょっとだけね。
There's a free concert on the green.	広場で無料のコンサートがあるんだ。
Free!	無料だよ！
Come with me.	一緒に行こう。
Best things in life, eh?	いいものはタダ、ってね。
More cake for me, then.	じゃあ、ケーキは私がもらっちゃおう。
I can fix almost anything for next to nothing.	たいていのものは、ほとんどお金をかけずに直せるんだ。
Let me fix something for you.	何か直させてよ。
Good as new, you'll see.	新品同様になるよ、見てて。
Keep me in mind.	何かあったら思い出してね。
I don't spend on gifts.	贈り物にお金はかけない主義なんだ。
But this I kept for you: {keepsake}.	でも、これはあなたのために取っておいたんだ。{keepsake}。
Worth more than money.	お金より価値があるよ。
It cost me nothing.	元手はかかってないけどね。
a tin of buttons, each one from somewhere	ひとつひとつに思い出がある、ボタンの缶
Do you ever look at the clouds and see faces?	雲を見てて、顔に見えることってない？
That one's you.	あれ、あなただよ。
You see it too!	あなたにも見えるんだ！
Well, I see it.	まあ、私には見えるけど。
I make up stories about everyone here.	ここのみんなの物語を勝手に作ってるんだ。
You're in some of them.	あなたも何度か出てくるよ。
Good ones, I promise.	いい役でね、約束する。
Maybe I'll read you one someday.	いつか読んであげようかな。
The stars are out tonight.	今夜は星が出てるよ。
Really out.	すごくたくさん。
Come and look with me.	一緒に見に行こう。
Did you see that one fall?	今の、流れ星見た？
They'll be there tomorrow too.	明日もきっと出てるよ。
I'm not practical.	実用的なことは苦手なんだ。
But if you need a dream, I've got plenty.	でも夢が必要なら、いくらでもあるよ。
Close your eyes.	目を閉じて。
Keep one for later.	ひとつ取っておいて。
I wrote this for you: {keepsake}.	あなたのために書いたんだ。{keepsake}。
Read it when it rains.	雨の日に読んでね。
Read it out loud to everyone, then.	じゃあ、みんなに読み聞かせてあげて。
a poem about the {settlement}, folded very small	とても小さく折りたたまれた、{settlement}の詩
A chapter	ある章
{first} ({n})	{first}（{n}）
lunch	お昼
machine	機械
mackerel	サバ
mainland	本土
maps	地図
march	三月
mark	しるし
married	結婚している
matter	こと
may	五月
mayor	町長
mend	繕う
miss	恋しい
mm	うん
model	模型
mom	ママ
monday	月曜日
money	お金
monthly	毎月
morning	朝
mother	母
move	動かす
mr	さん
mrs	さん
ms	さん
mum	母さん
music	音楽
musician	音楽家
name	名前
need	必要
net	網
nets	網
newcomer	新入り
news	知らせ
next	次
nice	いい
nippy	肌寒い
no	いいえ
none	なし
nothing	何も
november	十一月
nurse	看護師
october	十月
oh	おや
ok	わかった
okay	わかった
once	一度
one	ひとつ
online	オンライン
open	開く
opinion	意見
order	注文
origin	出身
other	ほか
others	ほかの人
outcome	結果
outing	お出かけ
outside	外
oven	オーブン
own	自分の
paint	絵の具
painter	画家
pal	仲間
pandemic	パンデミック
paper	紙
parcel	小包
parents	両親
paris	パリ
partner	パートナー
partners	パートナー
party	パーティー
patch	つぎあて
pending	保留中
person	人
picnic	ピクニック
pier	桟橋
pile	山
pint	一杯
place	場所
plan	計画
plans	予定
plant	植える
planter	プランター
poems	詩
point	要点
postbox	郵便ポスト
potluck	持ち寄りの食事会
potter	陶芸家
present	贈り物
prickly	とげとげしい
problem	問題
progress	進み具合
proud	誇らしい
pub	酒場
pupil	生徒
purchase	買い物
purchases	買い物
push	押す
quarrel	けんか
quay	波止場
quiet	静か
quietly	静かに
quiz	クイズ
race	競走
rain	雨
raining	雨が降っている
rainy	雨の
reaction	反応
read	読む
rebuild	建て直す
reconcile	仲直りする
reef	岩礁
regatta	レガッタ
reopen	再開する
repair	修理
reply	返事
resident	住人
rest	休み
restless	落ち着かない
revenue	収入
right	正しい
room	部屋
root	根
rough	荒い
rowboat	手こぎボート
rude	失礼
rule	決まり
russia	ロシア
sad	悲しい
saturday	土曜日
scared	怖い
school	学校
seabirds	海鳥
sell	売る
september	九月
settlement	集落
shape	形
share	分ける
shelf	棚
shift	勤務
shifts	勤務
short	短い
shortfall	不足
show	見せる
shrug	肩をすくめる
shy	内気
side	側
sigh	ため息
signpost	道しるべ
singing	歌
single	独身
sister	姉妹
situation	状況
skip	飛ばす
sky	空
sleep	眠り
slipway	船台
smartphone	スマートフォン
snow	雪
snowing	雪が降っている
snug	居心地がいい
sociable	人づきあいがいい
software	ソフトウェア
sol	ソル
sold	売れた
someone	誰か
someone special	大切な人
somewhere	どこか
son	息子
song	歌
sorry	ごめん
sort	種類
sound	音
space	宇宙
special someone	大切な人
spirits	気分
spot	場所
spring	春
sprouts	芽
stall	屋台
start	始める
state	状態
statue	像
status	状態
stay	泊まる
steady	落ち着いている
stock	在庫
storm	嵐
story	物語
strained	ぎくしゃくした
stranger	見知らぬ人
stressed	ストレスがたまっている
student	学生
stuff	もの
summary	概要
summer	夏
sun	太陽
sunday	日曜日
sunflowers	ひまわり
sunny	晴れ
sunshine	日差し
super	最高
supporter	支持者
sure	もちろん
swallows	ツバメ
sweet	甘い
swing	ぶらんこ
take	取る
tale	話
talk	話す
tangled	もつれた
tasty	おいしい
tea	お茶
teach	教える
teacher	先生
team	チーム
tent	テント
thank	ありがとう
the harbour	港
thick	厚い
thin	さびしい
thing	もの
things	もの
this week	今週
three	三
threshold	敷居
thrifty	倹約家
thursday	木曜日
tides	潮
times	回
tired	疲れた
title	題名
together	一緒に
tokyo	東京
tonight	今夜
tool	道具
topic	話題
trade	職業
traveller	旅人
treasure	宝物
treat	ごちそう
tree	木
true	本当
trust	信頼
tuesday	火曜日
turnout	人出
tutor	家庭教師
two	二
ugly	醜い
unclear	はっきりしない
undo	取り消す
unemployed	仕事がない
unhappy	不幸せ
unit	単位
until	まで
unwell	具合が悪い
upload	アップロード
upset	動揺している
usa	アメリカ
value	価値
vegetables	野菜
verdict	判定
very	とても
view	眺め
visitor	訪問者
wage	賃金
wait	待つ
walk	散歩
want	ほしい
warm	暖かい
washington	ワシントン
watch	見る
wave	手を振る
weather	天気
web	ウェブ
website	ウェブサイト
wednesday	水曜日
week	週
welcome	ようこそ
well	元気
when	いつ
where	どこ
who	誰
whom	誰
why	なぜ
wife	妻
wind	風
windy	風が強い
wine	ワイン
winter	冬
wish	願い
with	と一緒に
wonderful	すばらしい
wood	木材
word	言葉
words	言葉
work	仕事
worker	働き手
working	働いている
workplace	職場
worn	すり減った
worried	心配している
worries	心配ごと
worry	心配
worrying	気がかりな
wrong	間違っている
yes	はい
yesterday	昨日
a drawing of their own	自作の絵
a gem	宝物のような人
a joke	冗談
a keepsake for the first deed	最初の行いへの記念品
a legend	伝説の人
a little something for you	ちょっとした贈り物
a question on the first day	最初の日の質問
a star	人気者
about	について
about you	あなたについて
about yourself	あなた自身について
accepted	受け入れた
active	活動中
activity	活動
afraid	怖い
afternoon	午後
again	また
ah	ああ
ah okay	ああ、なるほど
all good	順調
alone	ひとり
already here	もういる
already open	もう開いている
already warmed	もう打ち解けている
alright	大丈夫
alright then	じゃあ、いいか
amazing	すごい
amount	量
an angel	天使
and then the first question	そして最初の質問
angry	怒っている
angry with me	私に怒ってる
annoying	うっとうしい
annoys you	気に障る人
another	もうひとつ
answer	答え
apart	離れて
apologies	おわび
appreciate	感謝する
appreciated	感謝された
april	四月
argue	言い争う
argued	言い争った
arguing	言い争っている
argument	口論
around town	町の噂
ask	尋ねる
asked by someone	誰かに頼まれて
at	で
at home	家で
august	八月
autumn	秋
avoid	避ける
avoiding	避けている
away	留守
aye	そうだとも
baker	パン職人
bakery	パン屋
barrel	樽
be alright	大丈夫になる
be fine	平気
be off	行かなきゃ
be ok	大丈夫
be okay	大丈夫
beautiful	美しい
beautiful day	いい天気
because	なぜなら
been busy	忙しかった
been doing	していた
been up to	何していた
bench	ベンチ
benches	ベンチ
best friend	親友
better go	もう行かなきゃ
between you	ふたりの間
big event	大きな行事
birdhouse	巣箱
bit windy today	今日はちょっと風が強いね
boat	舟
boats	舟
bond	絆
book	本
books	本
boring	退屈
bother	わずらわせる
bothering	悩ませている
bought	買った
boyfriend	彼氏
bread	パン
brighten	明るくなる
brilliant	すばらしい
brilliantly	見事に
broken	壊れた
brother	兄弟
brought something for you	持ってきたよ
brought you	持ってきた
brr it's freezing	ぶるぶる、凍えそう
bucket	バケツ
build	建てる
bunting	旗飾り
bury the hatchet	水に流す
business	商売
busy	忙しい
buy	買う
bye	じゃあね
cake	ケーキ
calendar	暦
can i get you anything	何か持ってこようか
can i help	手伝おうか
card	カード
cards	カード
care to join me for supper	夕食をご一緒にいかが
carpenter	大工
cash	現金
catch you later	またあとで
celebration	お祝い
cellar	地下室
chapter	章
cheap	安い
cheer up	元気出して
cheers	ありがと
cheesemaker	チーズ職人
child	子ども
children	子どもたち
chilly	肌寒い
chimney	煙突
chin up	顔を上げて
choice	選択
christmas	クリスマス
clear up	晴れる
closed	閉まっている
closest	いちばん親しい
coats	コート
coffee	コーヒー
cold	寒い
colony	コロニー
come and eat with me	一緒にご飯を食べよう
come for a drink	一杯飲みにおいで
come with me	一緒に来て
comfort	なぐさめ
coming	近づいている
coming up	もうすぐ
compliment	ほめ言葉
condition	状態
confide	打ち明ける
content	満足している
cool	いいね
cost	費用
council	評議会
count	数える
cracking	すごくいい
crates	木箱
creature	生き物
cross	不機嫌
cross with	腹を立てている
crowd	人だかり
customer	お客さん
dad	父さん
damaged	傷んだ
dance	ダンス
daughter	娘
day	日
december	十二月
decision	決断
decline	断る
declined	断った
decorate	飾る
deed	行い
delicious	おいしい
delivery	配達
destitute	困窮している
dinner	夕食
disgust	うんざり
disrupted	乱された
doctor	医者
doing	している
doing ok	大丈夫
doing your best	がんばってる
done well	よくやった
dr	先生
dream	夢
dreamy	夢見がち
drift	離れる
drifted	離れた
driftwood	流木
drink	一杯
drinks	飲み物
drive	運転
drop dead	くたばれ
dumb	ばか
dust	砂ぼこり
earlier	さっき
easter	イースター
easy	簡単
effect	影響
eh	ね
employer	雇い主
enemies	敵
enemy	敵
enjoyed	楽しんだ
errands	お使い
evening	夕方
evening all	みなさん、こんばんは
event	行事
everyone	みんな
exactly	そのとおり
exciting	わくわくする
excuse	言い訳
exhausted	へとへと
expensive	高い
extra	おまけ
fair enough	それもそうだね
falling out	仲たがい
family	家族
fancy a	どう
fancy a pint	一杯どう
fantastic	すばらしい
farewell	さようなら
father	父
favour	頼みごと
feast	ごちそう
february	二月
feel	感じる
feeling	気持ち
feeling down	落ちこんでいる
fell out	仲たがいした
festival	お祭り
fetch	取ってくる
feud	いがみ合い
fever	熱
fiddler	フィドル弾き
fight	けんか
fighting	けんかしている
fine	元気
fish	魚
fisher	漁師
five	五
fix	直す
fixture	設備
flag	旗
flagpole	旗竿
flour	小麦粉
flower	花
flowerboxes	フラワーボックス
flowers	花
foes	敵
fog	霧
foggy	霧が出ている
fool	ばか者
for a living	生計のために
for fun	楽しみで
forgive	許す
fought	けんかした
found	見つけた
fountain	噴水
four	四
fractions	分数
free time	自由な時間
freezing	凍えるほど寒い
friday	金曜日
friend	友だち
friends	友だち
from	から
fund	基金
funds	資金
garden	庭
gardener	庭師
gather	集まる
gathering	集まり
geese	ガチョウ
generous	気前がいい
get along	仲良くする
get better	よくなる
get lost	消えろ
get on	うまくやる
get out	出ていけ
get out of my face	目の前から消えて
get through	乗りきる
gift	贈り物
girlfriend	彼女
give	贈る
gloomy	どんよりした
go	行く
go away	あっち行って
goal	目標
god	神
golden	金色の
gonna	するつもり
good	いい
good afternoon	こんにちは
good evening	こんばんは
good job	よくやったね
good morning	おはよう
good night	おやすみ
goodbye	さようなら
goodnight	おやすみ
gossip	噂話
got a little present for you	ちょっとしたプレゼントがあるんだ
got to go	行かなきゃ
got you	あげる
gotta go	行かなきゃ
gran	おばあちゃん
grand	立派な
grandad	おじいちゃん
granted	認められた
great	すごい
great bread today	今日のパン、最高だね
great job	すごいね
greet	あいさつする
greeted	あいさつした
grew up	育った
grey	灰色
grow up	育つ
grown	大人になった
grudge	恨み
haha	はは
hands	手
hang in	がんばって
hang in there	負けないで
hang out	遊ぶ
happened	起きた
happening	起きている
happy	幸せ
happy here	ここで幸せ
harbour	港
harvest	収穫
hatchet	手おの
have a gift	贈り物をどうぞ
have a good day	よい一日を
have a lovely day	すてきな一日を
have a nice day	よい一日を
have this	これをどうぞ
have to go	行かなきゃ
heard	聞いた
heavy	重い
hello	こんにちは
hello again	また会ったね
hello there	やあ、こんにちは
help	手伝い
herbs	ハーブ
here for you	そばにいるよ
here you go	はい、どうぞ
hey	やあ
hey hey	やあやあ
hey there	やあ、こんにちは
hey you	ねえ
hi	やあ
hire	雇う
hiya	やあ
hm	ふむ
hmm	うーん
hobbies	趣味
hobby	趣味
hold	持つ
holiday	休日
homework	宿題
hot	暑い
hotel	ホテル
hour	時間
household	家庭
howdy	やあ
husband	夫
i brought you flowers	花を持ってきたよ
i got this for you	これ、あなたにと思って
i got you a present	プレゼントがあるんだ
i have to go	もう行かなきゃ
i know	わかってる
i like you	あなたが好き
i like your	あなたの…が好き
i made you something	あなたに作ったものがあるんだ
i owe you one	ひとつ借りができたね
i see	なるほど
i'd better be off	そろそろ行かなきゃ
i'll leave you to it	じゃあ、邪魔しないでおくね
i'm here for you	そばにいるよ
i'm off	もう行くね
idiot	ばか
in	に
indeed	まったく
inspector	検査官
interesting	おもしろい
investment	投資
invite	誘う
item	品物
january	一月
job	仕事
join me	一緒においで
join me for tea	一緒にお茶しよう
july	七月
june	六月
keep	取っておく
keepsake	思い出の品
kept	しまっておいた
kids	子どもたち
kind	親切
kind of you	ご親切に
knackered	くたくた
knots	結び目
lamp	ランプ
lantern	ランタン
lanterns	ランタン
lapse	途切れ
lapsed	途切れた
last	最後の
later	あとで
latest	最新
lazy	怠け者
lean	切りつめた
learn	学ぶ
leave	去る
leave me alone	ほっといて
leave you be	そっとしておく
leave you to	邪魔しないでおく
leaving	去ること
lender	貸し手
let's get dinner	夕食を食べに行こう
let's have lunch	お昼を食べよう
letter	手紙
library	図書館
lighthouse	灯台
like	好き
lived	暮らした
lives	暮らし
local	地元の
location	場所
lonely	さびしい
look down	落ちこんで見える
look well	元気そう
looking forward	楽しみにしている
looks like rain	雨が降りそう
loser	負け犬
loss	損失
lost	なくした
love the	…が大好き
love the bread	パンが大好き
love your	あなたの…が大好き
love your work	あなたの仕事が大好き
lovely	すてき
lovely day	いい天気
lovely sunshine	気持ちのいい日差し
We haven't met properly.	ちゃんとあいさつしてなかったね。
I'm {name}, by the way.	ところで、私は{name}。
I've seen you about.	よく見かけてたよ。
Hello!	こんにちは！
I hear you're new round here.	このあたりに来たばかりなんだってね。
At last!	やっと会えた！
I've been meaning to say hello.	ずっとあいさつしたいと思ってたんだ。
A few lines, since I didn't see you today.	今日は会えなかったから、少しだけ書くね。
Thought you'd like to know how things are.	こっちの様子を知りたいかなと思って。
Writing because it's quiet here.	こっちは静かだから、手紙を書いてるよ。
I wanted to tell you something.	伝えたいことがあってね。
Just a note, nothing much.	ちょっとしたメモだよ、たいしたことじゃないんだ。
Hello from me.	私からこんにちは。
You weren't about, so I'm writing.	姿が見えなかったから、手紙にしたよ。
News, of a sort.	知らせ、みたいなもの。
Couldn't find you, so here's a letter.	見つからなかったから、手紙を置いていくね。
A quiet day.	静かな一日だったよ。
I thought of you.	あなたのことを思い出したんだ。
Come by soon.	近いうちに寄ってね。
Yours, {name}.	{name}より。
See you around the {settlement}.	{settlement}のどこかでまた会おうね。
That's all.	それじゃ。
Take care.	気をつけてね。
Write back, if you like.	よかったら返事ちょうだい。
More when I see you.	続きは会ったときに。
Best, {name}.	{name}より、心をこめて。
Mind how you go.	気をつけて行きなよ。
a letter from {name}	{name}からの手紙
{} wrote to you	{}から手紙が届いた
{} wrote to you, with {what}	{}から{what}を添えた手紙が届いた
Written to you on a quiet day	静かな日に書かれた手紙
A year ago today: {told}.	1年前の今日：{told}。
Remember?	覚えてる？
Would you believe it?	信じられる？
Feels like yesterday.	昨日のことみたい。
Where does the time go?	時間ってどこへ行っちゃうんだろうね。
I still think about it.	今でもときどき思い出すんだ。
We've come a long way.	ずいぶん遠くまで来たね。
{name} remembered a year ago today	{name}は1年前の今日を思い出した
Something for the turn of the season.	季節の変わり目に、ちょっとしたものを。
Left for you as a season turns	季節の変わり目に届いた
Comes on a quiet day	静かな日に届く
Letters	手紙
{name} wrote to you	{name}から手紙が届いた
{guest} came over from {home} to visit	{guest}が{home}から遊びに来た
{guest} brought you a letter.	{guest}が手紙を持ってきてくれた。
Here.	はい、これ。
Out by {place}, if the weather holds	天気がもてば、{place}のそばで
At {place}	{place}で
Suggested lately.	最近提案したばかりです。
Again in {n} days.	{n}日後にまた提案できます。
{what} was rained off; {names} made the best of it at {place}	{what}は雨で流れたが、{names}は{place}でそれなりに楽しんだ
Only {names} came to {what} at {place}	{place}での{what}に来たのは{names}だけだった
{names} came to {what} at {place}	{names}が{place}での{what}に来た
Half the {settlement} came to {what} at {place}	{place}での{what}に{settlement}の半分が集まった
a picnic	ピクニック
a market	市
a dance	ダンス
Soggy sandwiches, still fun.	サンドイッチはびしょびしょだったけど、楽しかったよ。
Next time, a sunny day.	次は晴れた日にね。
We laughed anyway.	それでもみんなで笑ったよ。
Small, but lovely.	小さかったけど、すてきだった。
Just us.	私たちだけでね。
That's fine.	それでいいんだ。
Quiet, but nice.	静かだったけど、よかったよ。
What a good idea that was.	いい思いつきだったね。
We should do this more.	もっとやろうよ。
Lovely afternoon.	すてきな午後だったね。
Best day in ages!	ここしばらくでいちばんの日だったよ！
Everyone came!	みんな来たよ！
Everyone!	みんなだよ！
Let's make it a tradition.	恒例にしようよ。
The {what} by {place}: just what my legs needed.	{place}のそばの{what}、足がちょうど休みたがってたんだ。
Best seat by {place}, this {what}.	この{what}は{place}でいちばんの特等席だね。
I could sit on this {what} all day.	この{what}なら一日じゅう座っていられそう。
Good {what}, this.	いい{what}だね。
Solid.	がっしりしてる。
You can see all of {place} from here.	ここから{place}が全部見渡せるんだ。
Five minutes on the {what}.	{what}で五分だけひと休み。
Then back to it.	そしたらまた仕事。
Whoever made this {what} knew what they were doing.	この{what}を作った人は、よくわかってるね。
My favourite spot, the {what} by {place}.	お気に入りの場所なんだ、{place}のそばの{what}。
Sat on the {what} and watched the gulls.	{what}に座ってカモメを眺めてたよ。
Bliss.	最高だったよ。
A rest on the {what} and I'm new again.	{what}でひと休みすると生き返るよ。
It's nice by the {what} of an evening.	夕方の{what}のあたりはいいよね。
We lost track of time by the {what}.	{what}のそばで時間を忘れちゃった。
The light down by {place} makes you want to stay.	{place}のあたりの明かりを見ると、ついいたくなるんだ。
{other} told me a story I'd never heard.	{other}が聞いたことのない話をしてくれたよ。
Me and {other}, putting the world to rights.	{other}と世の中について語り合っちゃった。
{other} laughed so hard they cried.	{other}が涙が出るほど笑ってたよ。
Didn't feel the cold, talking to {other}.	{other}と話してたら、寒さも忘れちゃった。
You learn a lot about {other} after dark.	暗くなってからだと、{other}のことがよくわかるんだ。
The {what} was the only light down by {place}.	{place}のあたりで明かりといえば、{what}だけだった。
Stayed out by the {what} longer than I meant to.	思ったより長く{what}のそばにいちゃった。
From your {what}.	あなたの{what}からだよ。
Seemed only fair.	おすそわけしなきゃと思って。
The {what} did well this week.	今週は{what}がよく実ったよ。
This is yours.	これ、あなたの分。
First pick from your {what}.	あなたの{what}からの一番摘みだよ。
Your {what} keeps giving.	あなたの{what}は実りが絶えないね。
Picked these from your {what} this morning.	今朝、あなたの{what}から摘んできたよ。
Don't tell anyone, but your {what} beats mine.	内緒だけど、あなたの{what}のほうがうちのより上だよ。
A neighbour	ご近所さん
From {guest}, of {home}: {letter}	{home}の{guest}より：{letter}
a postcard of {place}	{place}の絵はがき
Suggest	提案する
The news here is that {told}.	こっちの知らせはね、{told}。
In case nobody told you, {told}.	誰も言ってなかったらと思って。{told}。
Big news round here: {told}.	このへんじゃ大ニュースだよ。{told}。
You'll have heard, but {told}.	もう聞いてるだろうけど、{told}。
I was thinking today about when {told}.	今日、{told}ときのことを考えてたんだ。
I still smile about the time {told}.	{told}ときのこと、今でも思い出すと笑っちゃう。
Do you remember when {told}?	{told}ときのこと、覚えてる？
I do.	私は覚えてるよ。
Funny what stays with you.	不思議と心に残るものってあるよね。
The day {told}, for one.	たとえば、{told}日のこととか。
I've never told you about {other}, have I?	{other}のこと、話したことなかったよね？
Funny, I've never once mentioned {other}.	そういえば、{other}のことって一度も話したことなかったね。
Did I ever tell you about {other}?	{other}のこと、話したことあったっけ？
You'll know {other} by now.	もう{other}のことは知ってるよね。
Can I tell you something about {other}?	{other}のこと、少し話してもいい？
I've been meaning to say something about {other}.	{other}のこと、ずっと話そうと思ってたんだ。
They make every day easier.	あの人がいると毎日が楽になるんだ。
One of the best people I know.	私の知る限り、最高の人のひとりだよ。
I'd trust them with anything.	何だって任せられる。
I like them.	好きだよ、あの人。
I really do.	本当にね。
Good company, always.	いつも一緒にいて楽しいよ。
We get on well enough.	まあ、そこそこうまくやってるよ。
We nod in passing.	すれ違えば会釈するくらいかな。
That's about it.	それくらいだよ。
We don't see eye to eye.	意見が合わないんだ。
Best we keep out of each other's way.	お互い関わらないのがいちばんだね。
I'd rather not talk about them, to be honest.	正直、あの人の話はあまりしたくないな。
We fell out.	けんかしちゃってね。
It still stings.	今でもちくっとするよ。
I've never told you what I think of {subject}.	{subject}のことをどう思ってるか、話したことなかったね。
Funny, we've never talked about {subject}.	そういえば、{subject}の話ってしたことなかったね。
You've never heard me on {subject}, have you?	{subject}について私が話すの、聞いたことないでしょ？
Here's something about {subject} I've never said.	{subject}について、今まで言ったことのない話があるんだ。
I don't think I've said a word about {subject} before.	{subject}のことは、今まで一言も話してなかった気がする。
{name} spoke of {other} for the first time	{name}が初めて{other}のことを話してくれた
{name} showed you {corner}	{name}が{corner}を見せてくれた
It means more to me than I let on.	顔には出さないけど、私にとっては大事なんだ。
I've a soft spot for it, if I'm honest.	正直、けっこう気に入ってるんだ。
I could take it or leave it, to be fair.	まあ、正直どっちでもいいかな。
It always puts me in a good mood.	いつも気分がよくなるんだ。
My mother loved it.	母が大好きだったんだ。
So do I.	私もだよ。
I remember the first time, clear as day.	初めてのときのこと、はっきり覚えてる。
the day {told}	{told}日
the evening {a} and {b} spent at {place}	{a}と{b}が{place}で過ごした夜
# v1.0: help through hard times, courting, potlucks, odd jobs, what people say by what you made
Find them odd jobs	ちょっとした仕事を探してあげる
Everyone brings a dish	みんなで一品ずつ持ち寄る
{a} took their time, and {a} and {b} started walking out together	{a}はゆっくり時間をかけ、{a}と{b}はつきあいはじめた
We took it slowly, {b} and me.	{b}とはゆっくり進めたんだ。
Worth the wait.	待った甲斐があったよ。
{a} kept it to themselves, and spent more time with {b}	{a}は気持ちを胸にしまったまま、{b}と過ごす時間を増やした
{a} asked {b} out on their own, and {b} said yes	{a}は自分から{b}を誘い、{b}はうなずいた
I asked {b} myself in the end.	結局、自分から{b}を誘ったんだ。
Yes, {b} said!	{b}がいいって！
{a} never quite said anything to {b}	{a}は結局{b}に何も言えなかった
Never found the words.	言葉が見つからなかったんだ。
I nearly said something.	もう少しで言うところだった。
Nearly.	もう少しでね。
Some things stay unsaid.	言わずにおくこともあるよね。
It'll pass.	そのうち落ち着くよ。
I expect.	たぶんね。
{a} did odd jobs round the {settlement}	{a}は{settlement}であれこれ雑用をこなした
Odd jobs pay.	雑用でもお金になるんだ。
Not much, but they pay.	たいした額じゃないけど、お金にはなる。
Painted three gates and a shed.	門を三つと小屋をひとつ塗ったよ。
It adds up.	ちりも積もればってね。
Tired, but the {unit} is paid for.	疲れたけど、この{unit}の分はまかなえたよ。
Everyone brought a dish to {a} and {b}'s do at {gathering}	{gathering}での{a}と{b}の集まりに、みんなが一品ずつ持ち寄った
So many dishes, and not one the same!	こんなにたくさんの料理、しかも同じものがひとつもない！
{b} waited a day for an answer, then moved on with {way_out}	{b}は一日返事を待ったあと、{way_out}で去っていった
Shame.	残念だね。
{b} seemed nice.	{b}はいい人そうだったのに。
You left {a} be, and it cooled a little	{a}をそっとしておいたら、少し熱が冷めた
Another {thing}?	また{thing}？
The {settlement} won't know itself.	{settlement}も見違えるね。
Straight and true, that {thing}.	まっすぐで狂いがないね、あの{thing}。
Who taught you?	誰に教わったの？
I watched you build that {thing}.	あの{thing}を建てるところ、見てたよ。
{thing} all over {place}.	{place}じゅう{thing}だらけ。
Is it someone's birthday?	誰かの誕生日？
You've a good eye.	センスがいいね。
{place} looks like a party.	{place}がお祭りみたいだよ。
Water it at dusk, not at noon.	水やりはお昼じゃなくて夕方にね。
Trust me.	信じて。
Green by {place}!	{place}のそばが緑になった！
The bees will find it.	ミツバチがすぐ見つけるよ。
The {thing} by {place} now?	今度は{thing}が{place}のそばに？
Yes, I see it.	うん、見えるよ。
Moved the {thing}?	{thing}を動かしたの？
It catches the light there.	そこだと光がよく当たるね。
I'd got used to the {thing} where it was.	元の場所の{thing}に慣れてたんだけどな。
This is better.	こっちのほうがいいね。
The {thing} looks at home by {place}.	{thing}が{place}のそばにしっくりなじんでる。
You'll wear that {thing} out, moving it about.	そんなに動かしてたら{thing}がすり減っちゃうよ。
Now the {thing}'s by {place}, I'll sit there.	{thing}が{place}のそばに来たなら、そこに座ろうっと。
Ate my lunch on the {what} by {place}.	{place}のそばの{what}でお昼を食べたよ。
Lovely.	最高だった。
The {what}'s warm from the sun this time of day.	この時間の{what}は日差しでぽかぽかなんだ。
Nodded off on the {what}.	{what}でうたた寝しちゃった。
Don't tell anyone.	誰にも言わないでね。
Somebody left a book on the {what}.	誰かが{what}に本を置き忘れてたよ。
I read a chapter.	一章だけ読んじゃった。
Watched the whole of {place} go by from the {what}.	{what}から{place}の行き交う様子をずっと眺めてた。
My knees thank whoever put a {what} by {place}.	{place}のそばに{what}を置いてくれた人に、ひざが感謝してるよ。
A quiet sit on the {what}.	{what}で静かにひと休み。
Nobody asked me anything.	誰にも何も聞かれなかった。
Shared the {what} with a stranger.	{what}で知らない人と隣り合わせたよ。
Nice sort.	感じのいい人だった。
The {what} by {place} has a view I'd pay for.	{place}のそばの{what}からの眺め、お金を払ってもいいくらいだよ。
Sat on the {what} till my tea went cold.	{what}に座ってたら、お茶が冷めちゃった。
{other} sang.	{other}が歌ったんだ。
Badly.	下手だったけどね。
We all joined in.	みんなで一緒に歌ったよ。
Moths round the {what}, and {other} naming every one.	{what}のまわりに蛾が集まってきて、{other}が一匹ずつ名前を言ってたよ。
{other} and I watched the stars come out by the {what}.	{other}と{what}のそばで星が出てくるのを眺めてた。
Half of {place} ended up by the {what} last night.	ゆうべは{place}の半分が{what}のそばに集まってたよ。
Somebody brought a flask.	誰かが水筒を持ってきてね。
The {what} did the rest.	あとは{what}がなんとかしてくれた。
{other} told me a secret by the {what}.	{what}のそばで{other}が秘密を教えてくれたんだ。
My lips are sealed.	口は堅いからね。
The {what} by {place} is where the talking happens now.	今じゃ{place}のそばの{what}が、おしゃべりの場所なんだ。
We made plans by the {what}.	{what}のそばで計画を立てたんだ。
Big ones, for us.	私たちにとっては大きな計画をね。
Played cards by the {what} till the light gave out.	暗くなるまで{what}のそばでトランプしてたよ。
{other} and I got talking and never stopped.	{other}と話しはじめたら止まらなくなっちゃった。
The {what} glows like a little moon by {place}.	{what}が{place}のそばで小さな月みたいに光ってる。
Supper out by the {what}.	{what}のそばで晩ご飯。
Everything tastes better.	何でもおいしく感じるよ。
{other} brought a fiddle.	{other}がフィドルを持ってきたんだ。
The {what} brought the rest of us.	残りのみんなは{what}に引き寄せられてね。
I walked home late from the {what}, humming.	{what}から鼻歌まじりで遅くに帰ったよ。
# v1.0: more said by what you made and moved
Round and round goes the {thing}.	ぐるぐる移動する{thing}。
I like it here.	ここ、好きだな。
The {thing}'s found its spot by {place}, I reckon.	{thing}は{place}のそばに落ち着いたみたいだね。
Someone's fond of moving that {thing}.	誰かさんはあの{thing}を動かすのが好きみたいだね。
By {place}, the {thing}?	{thing}が{place}のそばに？
Suits it.	似合ってるよ。
I nearly walked into the {thing}.	危うく{thing}にぶつかるところだった。
It's moved!	動いてる！
The {thing} again?	また{thing}？
{place} it is, then.	じゃあ、{place}で決まりだね。
Our little crowd by the {what} grows every week.	{what}のそばに集まる顔ぶれが、毎週増えてるんだ。
{other} taught me a card trick by the {what}.	{what}のそばで{other}にトランプの手品を教わったよ。
I can't do it.	できないけどね。
Watched the boats' lights from the {what} with {other}.	{other}と{what}から船の明かりを眺めてた。
Nobody wanted to go home from the {what}.	誰も{what}から帰りたがらなかったよ。
{other} and I shared a pie by the {what}.	{what}のそばで{other}とパイを分けて食べたんだ。
Best supper all week.	今週いちばんの晩ご飯だったよ。
The {what} by {place} is the warmest spot after dark.	暗くなってからは、{place}のそばの{what}がいちばん暖かいんだ。
An owl came and sat near the {what}.	フクロウが来て、{what}の近くにとまったんだ。
We all went quiet.	みんな静かになったよ。
{other} brought blankets.	{other}が毛布を持ってきてくれてね。
We stayed by the {what} past midnight.	真夜中過ぎまで{what}のそばにいたよ。
# v1.0: the street, as a place
street	通り
# v1.0: getting together at a gathering
{a} and {b} got together at {at}	{a}と{b}は{at}で結ばれた
{b} and me, after {at}.	{at}のあとから、{b}と私はね。
{b} asked me to dance at {at}.	{at}で{b}がダンスに誘ってくれたんだ。
I said yes to more than the dance.	ダンス以上のことにうなずいちゃった。
It was {at} that did it.	{at}のおかげだよ。
{b} and me.	{b}と私。
# v0.21: a festival as it is told, with how it went against last year,
# who was new and what the player made there, is one sentence with named
# slots, not a sentence with pieces glued on.
{told}, around the {made} you made	あなたが作った{made}のまわりで、{told}
{told}, with a new face among them	新しい顔をひとり迎えて、{told}
{told}, with a new face among them, around the {made} you made	新しい顔をひとり迎えて、あなたが作った{made}のまわりで、{told}
{told}, with {new} new faces among them	新しい顔を{new}人迎えて、{told}
{told}, with {new} new faces among them, around the {made} you made	新しい顔を{new}人迎えて、あなたが作った{made}のまわりで、{told}
{told}, bigger than last year	去年よりにぎやかに、{told}
{told}, bigger than last year, around the {made} you made	去年よりにぎやかに、あなたが作った{made}のまわりで、{told}
{told}, bigger than last year, with a new face among them	去年よりにぎやかに、新しい顔をひとり迎えて、{told}
{told}, bigger than last year, with a new face among them, around the {made} you made	去年よりにぎやかに、新しい顔をひとり迎えて、あなたが作った{made}のまわりで、{told}
{told}, bigger than last year, with {new} new faces among them	去年よりにぎやかに、新しい顔を{new}人迎えて、{told}
{told}, bigger than last year, with {new} new faces among them, around the {made} you made	去年よりにぎやかに、新しい顔を{new}人迎えて、あなたが作った{made}のまわりで、{told}
{told}, nothing like last year	去年とは打って変わって、{told}
{told}, nothing like last year, around the {made} you made	去年とは打って変わって、あなたが作った{made}のまわりで、{told}
{told}, nothing like last year, with a new face among them	去年とは打って変わって、新しい顔をひとり迎えて、{told}
{told}, nothing like last year, with a new face among them, around the {made} you made	去年とは打って変わって、新しい顔をひとり迎えて、あなたが作った{made}のまわりで、{told}
{told}, nothing like last year, with {new} new faces among them	去年とは打って変わって、新しい顔を{new}人迎えて、{told}
{told}, nothing like last year, with {new} new faces among them, around the {made} you made	去年とは打って変わって、新しい顔を{new}人迎えて、あなたが作った{made}のまわりで、{told}
{told}, as good as last year	去年に負けないくらい盛大に、{told}
{told}, as good as last year, around the {made} you made	去年に負けないくらい盛大に、あなたが作った{made}のまわりで、{told}
{told}, as good as last year, with a new face among them	去年に負けないくらい盛大に、新しい顔をひとり迎えて、{told}
{told}, as good as last year, with a new face among them, around the {made} you made	去年に負けないくらい盛大に、新しい顔をひとり迎えて、あなたが作った{made}のまわりで、{told}
{told}, as good as last year, with {new} new faces among them	去年に負けないくらい盛大に、新しい顔を{new}人迎えて、{told}
{told}, as good as last year, with {new} new faces among them, around the {made} you made	去年に負けないくらい盛大に、新しい顔を{new}人迎えて、あなたが作った{made}のまわりで、{told}
{told}, much as it was last year	去年とほとんど同じように、{told}
{told}, much as it was last year, around the {made} you made	去年とほとんど同じように、あなたが作った{made}のまわりで、{told}
{told}, much as it was last year, with a new face among them	去年とほとんど同じように、新しい顔をひとり迎えて、{told}
{told}, much as it was last year, with a new face among them, around the {made} you made	去年とほとんど同じように、新しい顔をひとり迎えて、あなたが作った{made}のまわりで、{told}
{told}, much as it was last year, with {new} new faces among them	去年とほとんど同じように、新しい顔を{new}人迎えて、{told}
{told}, much as it was last year, with {new} new faces among them, around the {made} you made	去年とほとんど同じように、新しい顔を{new}人迎えて、あなたが作った{made}のまわりで、{told}
{told}, thin again this year	今年も人はまばらだったが、{told}
{told}, thin again this year, around the {made} you made	今年も人はまばらだったが、あなたが作った{made}のまわりで、{told}
{told}, thin again this year, with a new face among them	今年も人はまばらだったが、新しい顔をひとり迎えて、{told}
{told}, thin again this year, with a new face among them, around the {made} you made	今年も人はまばらだったが、新しい顔をひとり迎えて、あなたが作った{made}のまわりで、{told}
{told}, thin again this year, with {new} new faces among them	今年も人はまばらだったが、新しい顔を{new}人迎えて、{told}
{told}, thin again this year, with {new} new faces among them, around the {made} you made	今年も人はまばらだったが、新しい顔を{new}人迎えて、あなたが作った{made}のまわりで、{told}
You began a {} by {at_name}	{at_name}のそばで{}を造りはじめた
You began an {} by {at_name}	{at_name}のそばで{}を造りはじめた
The {} you began by {at} was finished	{at}のそばで造りはじめた{}が完成した
You painted a design on the flag	旗に絵柄を描いた
You painted a design on the sail	帆に絵柄を描いた
You painted a design on the sign	看板に絵柄を描いた
You painted a design on the quilt	キルトに絵柄を描いた
You named the {what} {name}	{what}に「{name}」と名づけた
{name}, a {trade} from {origin}, came because of the {what} you built	あなたが建てた{what}に引かれて、{origin}から{trade}の{name}がやって来た
{name}, an {trade} from {origin}, came because of the {what} you built	あなたが建てた{what}に引かれて、{origin}から{trade}の{name}がやって来た
I heard about the {what} all the way from {origin}.	{what}の噂を、はるばる{origin}で聞いたんだ。
The {what} needs looking after. I'm good at that.	{what}には手入れが必要でしょ。それ、得意なんだ。
Word travels. Somebody said you'd built the {what}.	噂は広まるものだね。あなたが{what}を建てたって聞いたよ。
I saw the {what} from the road and knew I'd stay.	道から{what}が見えて、ここに住もうって決めたんだ。
The {what} is why I came. Honestly.	ここに来たのは{what}のためなんだ。本当に。
I came for the {what}, and I think I'll stay for the people.	{what}が目当てで来たけど、人に惹かれて残ることになりそう。
I've wanted to work somewhere like the {what} all my life.	ずっと{what}みたいな場所で働きたかったんだ。
They told me about your {what}. I had to see it.	あなたの{what}の話を聞いて、どうしても見たくなってね。
Being built	建設中
{a} and {b} would like you to choose the baby's name	{a}と{b}が、赤ちゃんの名前をあなたにつけてほしいそうです
{a} would like you to choose the baby's name	{a}が、赤ちゃんの名前をあなたにつけてほしいそうです
Choose the baby's name	赤ちゃんの名前を選ぶ
Call the baby this	この名前にする
{a} and {b} would like you to choose the chick's name	{a}と{b}が、ひなの名前をあなたにつけてほしいそうです
{a} would like you to choose the chick's name	{a}が、ひなの名前をあなたにつけてほしいそうです
Choose the chick's name	ひなの名前を選ぶ
Call the chick this	この名前にする
baby	赤ちゃん
chick	ひな
boat	舟
rover	ローバー
bus	バス
that can't wear a design	それには絵柄をつけられません
not a whole design	絵柄が完成していません
that can't be named	それには名前をつけられません
a name is one to twenty-four letters on one line	名前は1行で1〜24文字です
something already stands there	そこにはもう何か建っています
nothing more can be made	これ以上は作れません
Built by you	あなたが建てたもの
Made by you	あなたが作ったもの
A rover	ローバー
A night bus	夜行バス
A year ago today, {told}.	1年前の今日、{told}。
{b}, an {trade} from {origin}, wants a room.	{origin}から来た{trade}の{b}が、部屋を探してる。
{b}, an {trade} from {origin}, asked to stay	{origin}から来た{trade}の{b}が、住まわせてほしいと頼んだ
{b}, an {trade} from {origin}, stayed on, and nobody minded	{origin}から来た{trade}の{b}はそのまま住みつき、誰も気にしなかった
{b}, an {trade} from {origin}, came to stay	{origin}から来た{trade}の{b}が住むことになった
{name}, an {trade} from {origin}, came because of the {what} you built	あなたが建てた{what}に引かれて、{origin}から{trade}の{name}がやって来た
An {thing}!	{thing}だ！
An {thing} by {place}.	{place}のそばに{thing}。
# Favours (conversation::favour): asked, heard, thanked, and the drawer's note. (T)
Have you seen {x} lately? Would you look in on them for me?	最近{x}に会った？ちょっと様子を見てきてくれないかな。
If you pass {x}, would you ask how they are? I'd like to know.	{x}に会ったら、元気か聞いてみてくれる？気になってて。
{x} hardly gets out. Would you ask them along for a walk?	{x}はあまり外に出ないんだ。散歩に誘ってみてくれない？
Would you invite {x} out some evening? They'd say yes to you.	いつか夕方にでも{x}を誘ってくれない？あなたの誘いなら断らないと思う。
{x} seems a bit down. Would you find a kind word for them?	{x}、ちょっと元気がないみたい。何か優しい言葉をかけてあげてくれない？
Could you cheer {x} up a little? A kind word from you would do it.	{x}を少し元気づけてくれない？あなたのひと言で十分だから。
If you see {x}, would you tell them I'm sorry? I can't find the words myself.	{x}に会ったら、ごめんって伝えてくれない？自分じゃうまく言えなくて。
Would you tell {x} I'm sorry? It would mean more coming from you.	{x}に、ごめんって伝えてくれないかな。あなたから言ってもらえたほうが伝わると思うんだ。
Did {y} ask after me? That's kind of them.	{y}が私のこと気にしてくれてたの？優しいね。
{y} put you up to this, didn't they? I'm glad.	{y}に頼まれたんでしょう？でも、うれしいよ。
You always know what to say. That's cheered me up.	あなたはいつも、ほしい言葉をくれるね。元気が出たよ。
{y} said that? Well. Tell them it's forgotten.	{y}がそんなことを？そっか。もう気にしてないって伝えて。
You looked in on {x}? Thank you. That puts my mind at rest.	{x}の様子を見てきてくれたの？ありがとう。これで安心したよ。
Thank you for seeing {x} for me. I feel better knowing.	代わりに{x}に会ってくれてありがとう。様子が分かってほっとした。
{x} said yes? Thank you. I knew you'd manage it.	{x}、来るって？ありがとう。あなたならできると思ってた。
You got {x} to come out! Thank you.	{x}を連れ出してくれたんだね！ありがとう。
{x} is smiling again. Thank you for that.	{x}、また笑うようになったよ。ありがとう。
Whatever you said to {x}, it worked. Thank you.	{x}に何て言ってくれたのか分からないけど、効いたみたい。ありがとう。
You told {x}? Thank you. I feel lighter already.	{x}に伝えてくれたの？ありがとう。もう気持ちが軽くなったよ。
Thank you for talking to {x} for me. I owe you one.	代わりに{x}と話してくれてありがとう。借りができたね。
{y} asked you to look in on {x}.	{y}から、{x}の様子を見てきてほしいと頼まれた。
{y} asked you to invite {x} out.	{y}から、{x}を外に誘ってほしいと頼まれた。
{y} asked you to cheer {x} up.	{y}から、{x}を元気づけてほしいと頼まれた。
{y} asked you to tell {x} they're sorry.	{y}から、{x}に「ごめん」と伝えてほしいと頼まれた。
Have a word with {x}.	{x}と少し話してみよう。
Ask {x} to come out with you.	{x}を一緒に出かけようと誘ってみよう。
Say something kind to {x}.	{x}に優しい言葉をかけてみよう。
Tell {x} what {y} said.	{y}の言葉を{x}に伝えよう。
{y} asked you a favour	{y}から頼みごとをされた
You did {y} a favour	{y}の頼みごとを果たした
